Sample Name,DIC flag,TA flag,Station,Cast,Niskin,Replicate (diff bottle),Repeat(same bottle),No. Of Repeats,Depth (m),CTD Temp (C),Salinity,Phosphate (uMol/Kg),Silicate (uMol/Kg),Nitrate (uMol/Kg),DIC cell Number (sequential),Sample Bottle temp (C),salinity_availability,ctd_temp_availability,Pressure_CTD,sampling_date,Longitude,Latitude,analysis_datetime,dic_sample_umol_per_kg_allcells,dic_sample_umol_per_kg,dic_driftcorr_flag,dic_sample_umol_per_kg_driftcorr,alkalinity_umolkg,vindta,station_cast_niskin_depth,dic_umolkg_sample_replicate_mean,dic_umolkg_sample_replicate_std,ta_umolkg_sample_replicate_mean,ta_umolkg_sample_replicate_std,dic_sample_umol_per_kg_final,ta_sample_umol_per_kg_final
0000_003_24_3_1_1,2,2,0,3,24,1,1,1,3,1.0252,34.3154,0.0,0.0,,3,25.27,1.0,1.0,3.972,2024-01-22 00:00:00,-56.66284,-61.45296,2024-01-28 03:15:03,2208.427174506452,2210.9167587151906,0,,2327.9949725522874,Lucy,0_3_24_3,,,,,2210.9,2328.0
0000_003_21_6_1_1,2,2,0,3,21,1,1,1,6,1.0147,34.3163,0.0,0.0,,3,25.18,1.0,1.0,6.494,2024-01-22 00:00:00,-56.66466,-61.45318,2024-01-28 02:45:37,2207.1400122047453,2209.628145381285,0,,2325.901627004496,Lucy,0_3_21_6,,,,,2209.6,2325.9
0000_003_19_11_1_1,2,2,0,3,19,1,1,1,11,1.0012,34.3179,0.0,0.0,,3,25.18,1.0,1.0,10.178,2024-01-22 00:00:00,-56.6652,-61.45324,2024-01-28 02:16:00,2207.837427761761,2210.3263471425166,0,,2327.514210499551,Lucy,0_3_19_11,,,,,2210.3,2327.5
0000_003_18_15_1_1,2,2,0,3,18,1,1,1,15,1.0093,34.3164,0.0,0.0,,3,25.31,1.0,1.0,14.868,2024-01-22 00:00:00,-56.66556,-61.4533,2024-01-28 01:45:12,2203.659372757059,2206.1435821705213,0,,2327.921530552685,Lucy,0_3_18_15,,,,,2206.1,2327.9
0000_003_15_18_1_1,2,2,0,3,15,1,1,1,18,0.9972,34.3184,0.0,0.0,,3,25.3,1.0,1.0,17.526,2024-01-22 00:00:00,-56.66672,-61.45344,2024-01-28 01:15:49,2210.5945694773463,2213.08659701424,0,,2328.8457263168,Lucy,0_3_15_18,,,,,2213.1,2328.8
0000_003_14_50_1_1,2,2,0,3,14,1,1,1,50,0.831,34.3461,0.0,0.0,,3,25.38,1.0,1.0,49.92,2024-01-22 00:00:00,-56.66824,-61.45362,2024-01-28 00:44:24,2219.0251615888383,2221.526693024812,0,,2328.574705825264,Lucy,0_3_14_50,,,,,2221.5,2328.6
0000_003_13_200_1_1,2,2,0,3,13,1,1,1,200,0.4816,34.4678,0.0,0.0,,3,25.38,1.0,1.0,201.74,2024-01-22 00:00:00,-56.66916,-61.45376,2024-01-28 00:15:04,2233.7226896269044,2236.240789747656,0,,2336.463929468396,Lucy,0_3_13_200,,,,,2236.2,2336.5
0000_003_12_225_1_1,2,2,0,3,12,1,1,1,225,0.5077,34.4882,0.0,0.0,,3,25.19,1.0,1.0,227.191,2024-01-22 00:00:00,-56.66972,-61.45382,2024-01-27 23:46:30,2237.6679974330214,2240.190545142594,0,,2338.507040594658,Lucy,0_3_12_225,,,,,2240.2,2338.5
0000_003_10_250_1_1,2,2,0,3,10,1,1,1,250,0.7464,34.5436,0.0,0.0,,3,25.38,1.0,1.0,252.47,2024-01-22 00:00:00,-56.6703,-61.4539,2024-01-27 22:47:08,2242.745853753848,2245.274125786621,0,,2343.1310066628,Lucy,0_3_10_250,2245.5661382710996,0.4129680159319255,2341.90233455645,1.7376047565087487,2245.6,2341.9
0000_003_08_300_1_1,2,2,0,3,8,1,1,1,300,0.6605,34.5591,0.0,0.0,,3,24.81,1.0,1.0,303.145,2024-01-22 00:00:00,-56.67106,-61.45398,2024-01-28 03:44:42,2242.9364340092843,2245.4649208852725,0,,2342.8113435835826,Lucy,0_3_8_300,2247.1801568801257,2.4257100065913844,2342.7685878795937,0.060465696449372566,2247.2,2342.8
0000_003_6_356_1_1,2,2,0,3,6,1,1,1,356,0.6163,34.6034,0.0,0.0,,3,25.11,1.0,1.0,359.817,2024-01-22 00:00:00,-56.67212,-61.45412,2024-01-27 20:45:08,2247.3105093597887,2249.84392717896,0,,2348.158689066491,Lucy,0_3_6_356,2248.415216226859,2.020502405172251,2349.2858709489997,1.5940759055047098,2248.4,2349.3
0000_003_4_409_1_1,2,2,0,3,4,1,1,1,409,0.7302,34.6254,0.0,0.0,,3,25.45,1.0,1.0,413.741,2024-01-22 00:00:00,-56.673,-61.45424,2024-01-27 22:17:34,2250.351694463291,2252.8885406438303,0,,2349.628095636277,Lucy,0_3_4_409,,,,,2252.9,2349.6
0000_003_2_456_1_1,2,2,0,3,2,1,1,1,456,0.7231,34.6246,0.0,0.0,,3,25.5,1.0,1.0,461.815,2024-01-22 00:00:00,-56.67354,-61.4543,2024-01-27 21:48:13,2247.589388059509,2250.123120261701,0,,2351.925852735386,Lucy,0_3_2_456,,,,,2250.1,2351.9
0000_019_24_2_1_1,2,2,0,19,24,1,1,1,2,-0.9328,32.859,0.0,0.0,,7,24.14,1.0,1.0,2.331,2024-01-31 00:00:00,-59.88224,-66.13634,2024-02-01 01:28:53,1982.327655905925,1983.0254063549469,0,,2248.4587189709573,Lucy,0_19_24_2,,,,,1983.0,2248.5
0000_019_22_4_1_1,2,2,0,19,22,1,1,1,4,-0.9505,32.8584,0.0,0.0,,7,24.19,1.0,1.0,3.539,2024-01-31 00:00:00,-59.88206,-66.1363,2024-02-01 01:01:04,1983.9834517134016,1984.6817849784204,0,,2257.753829562956,Lucy,0_19_22_4,,,,,1984.7,2257.8
0000_019_21_6_1_1,2,4,0,19,21,1,1,1,6,-0.9344,32.885,0.0,0.0,,7,24.19,1.0,1.0,6.573,2024-01-31 00:00:00,-59.88196,-66.13628,2024-02-01 00:24:07,1983.704267606944,1984.402502603225,0,,0.0,Lucy,0_19_21_6,,,,,1984.4,0.0
0000_019_19_11_1_1,2,2,0,19,19,1,1,1,11,-0.799,32.9577,0.0,0.0,,7,24.78,1.0,1.0,11.52,2024-01-31 00:00:00,-59.88184,-66.13626,2024-01-31 23:45:07,2006.8771555227447,2007.583547037904,0,,2260.204183682444,Lucy,0_19_19_11,,,,,2007.6,2260.2
0000_019_18_17_1_1,2,2,0,19,18,1,1,1,17,-1.2872,33.7846,0.0,0.0,,7,24.74,1.0,1.0,16.609,2024-01-31 00:00:00,-59.88176,-66.13624,2024-01-31 23:16:21,2116.9710313705123,2117.716174325717,0,,2298.3429755594657,Lucy,0_19_18_17,,,,,2117.7,2298.3
0000_019_15_23_1_1,2,2,0,19,15,1,1,1,23,-1.4021,34.012,0.0,0.0,,7,24.78,1.0,1.0,22.795,2024-01-31 00:00:00,-59.8816,-66.13622,2024-01-31 22:45:22,2158.8636458608216,2159.623534405881,0,,2311.69353595286,Lucy,0_19_15_23,,,,,2159.6,2311.7
0000_019_14_47_1_1,2,2,0,19,14,1,1,1,47,-1.7378,34.3233,0.0,0.0,,7,24.46,1.0,1.0,47.988,2024-01-31 00:00:00,-59.88124,-66.13628,2024-01-31 22:11:37,2223.291290692932,2224.0738568301526,0,,2325.231451289586,Lucy,0_19_14_47,,,,,2224.1,2325.2
0000_019_12_80_1_1,2,2,0,19,12,1,1,1,80,-1.7662,34.4084,0.0,0.0,,7,24.84,1.0,1.0,80.343,2024-01-31 00:00:00,-59.88106,-66.1363,2024-01-31 21:16:12,2227.382449466613,2228.166455632107,0,,2326.8432965005104,Lucy,0_19_12_80,,,,,2228.2,2326.8
0000_019_5_122_1_1,2,2,0,19,5,1,1,1,122,-1.741,34.4404,0.0,0.0,,7,24.97,1.0,1.0,122.857,2024-01-31 00:00:00,-59.88104,-66.1363,2024-01-31 18:04:32,2227.82118601709,2228.605346611456,0,,2326.2676725223914,Lucy,0_19_5_122,,,,,2228.6,2326.3
0000_019_6_152_1_1,2,2,0,19,6,1,1,1,152,-1.7464,34.4655,0.0,0.0,,7,24.89,1.0,1.0,153.225,2024-01-31 00:00:00,-59.88104,-66.1363,2024-01-31 18:39:41,2231.1344992685977,2231.9198261009483,0,,2328.470170787322,Lucy,0_19_6_152,,,,,2231.9,2328.5
0000_019_10_181_1_1,2,2,0,19,10,1,1,1,181,-1.7672,34.4808,0.0,0.0,,7,24.99,1.0,1.0,182.608,2024-01-31 00:00:00,-59.88104,-66.1363,2024-01-31 20:48:52,2232.262818802259,2233.048542786644,0,,2333.729535407924,Lucy,0_19_10_181,,,,,2233.0,2333.7
0000_019_7_202_1_1,2,2,0,19,7,1,1,1,202,-1.7102,34.4974,0.0,0.0,,7,24.84,1.0,1.0,204.904,2024-01-31 00:00:00,-59.88104,-66.1363,2024-01-31 19:08:07,2233.252180800824,2234.0382530262154,0,,2332.320786792791,Lucy,0_19_7_202,2232.740160333165,1.7376622282093996,2331.5998481973934,1.985692323153707,2232.7,2331.6
0000_019_4_261_2_1,2,2,0,19,4,2,1,1,261,-1.6562,34.5381,0.0,0.0,,7,24.44,1.0,1.0,264.86,2024-01-31 00:00:00,-59.88104,-66.1363,2024-01-31 16:38:41,2232.389357765818,2233.175126290075,0,,2336.6656738365136,Lucy,0_19_4_261,2235.7805575491498,2.6189952859638357,2336.2121530105683,0.450154721680854,2235.8,2336.2
0000_019_2_313_1_1,2,2,0,19,2,1,1,1,313,-1.7573,34.5646,0.0,0.0,,7,24.48,1.0,1.0,316.166,2024-01-31 00:00:00,-59.88112,-66.13624,2024-01-31 15:19:32,2239.085188203932,2239.8733135629327,0,,2336.6905170956843,Lucy,0_19_2_313,2239.168424760401,0.996863304504997,2337.629012014817,1.3272322428550938,2239.2,2337.6
0000_028_22_5_1_1,2,2,0,28,22,1,1,1,5,-0.9597,33.0968,0.0,0.0,,8,24.99,1.0,1.0,5.429,2024-02-01 00:00:00,-60.48146,-66.05628,2024-02-01 20:07:12,2029.1765639024368,2029.734137551188,0,,2261.9129165632003,Lucy,0_28_22_5,,,,,2029.7,2261.9
0000_028_21_9_1_1,2,2,0,28,21,1,1,1,9,-0.9879,33.4066,0.0,0.0,,8,24.25,1.0,1.0,9.434,2024-02-01 00:00:00,-60.48202,-66.05628,2024-02-01 19:25:18,2072.9042084996886,2073.473797555469,0,,2284.5860056006145,Lucy,0_28_21_9,,,,,2073.5,2284.6
0000_028_19_15_1_1,2,2,0,28,19,1,1,1,15,-1.212,33.714,0.0,0.0,,8,24.29,1.0,1.0,15.384,2024-02-01 00:00:00,-60.48236,-66.0563,2024-02-01 18:57:32,2125.9496455560643,2126.533810345872,0,,2300.5706604838942,Lucy,0_28_19_15,,,,,2126.5,2300.6
0000_028_18_23_1_1,2,2,0,28,18,1,1,1,23,-1.4402,33.9432,0.0,0.0,,8,24.29,1.0,1.0,23.398,2024-02-01 00:00:00,-60.48254,-66.0563,2024-02-01 18:29:16,2155.360910757376,2155.9531571240864,0,,2309.2174529040904,Lucy,0_28_18_23,,,,,2156.0,2309.2
0000_028_16_35_1_1,2,2,0,28,16,1,1,1,35,-1.5293,34.0808,0.0,0.0,,8,24.63,1.0,1.0,35.513,2024-02-01 00:00:00,-60.48266,-66.0563,2024-02-01 18:01:45,2184.103303544828,2184.703447696831,0,,2318.254494113888,Lucy,0_28_16_35,,,,,2184.7,2318.3
0000_028_14_53_1_1,2,2,0,28,14,1,1,1,53,-1.7156,34.2588,0.0,0.0,,8,24.44,1.0,1.0,53.682,2024-02-01 00:00:00,-60.48266,-66.0563,2024-02-01 17:33:16,2208.963424419293,2209.570399592584,0,,2324.3704952715307,Lucy,0_28_14_53,,,,,2209.6,2324.4
0000_028_9_80_1_1,2,2,0,28,9,1,1,1,80,-1.8368,34.3202,0.0,0.0,,8,24.42,1.0,1.0,80.985,2024-02-01 00:00:00,-60.48266,-66.0563,2024-02-01 15:30:56,2212.7331782187225,2213.341189238483,0,,2327.004668329213,Lucy,0_28_9_80,,,,,2213.3,2327.0
0000_028_12_110_1_1,2,2,0,28,12,1,1,1,110,-1.9041,34.3667,0.0,0.0,,8,24.39,1.0,1.0,111.344,2024-02-01 00:00:00,-60.48266,-66.0563,2024-02-01 16:35:53,2219.9323619021907,2220.5423511012705,0,,2329.42728091294,Lucy,0_28_12_110,,,,,2220.5,2329.4
0000_028_5_139_1_1,2,2,0,28,5,1,1,1,139,-1.9042,34.4219,0.0,0.0,,8,24.21,1.0,1.0,140.718,2024-02-01 00:00:00,-60.48266,-66.0563,2024-02-01 13:03:18,2228.8996677039427,2229.512120923899,0,,2328.8574618138973,Lucy,0_28_5_139,,,,,2229.5,2328.9
0000_028_6_159_1_1,2,2,0,28,6,1,1,1,159,-1.9064,34.4426,0.0,0.0,,8,24.29,1.0,1.0,160.971,2024-02-01 00:00:00,-60.48266,-66.0563,2024-02-01 13:41:20,2229.0605537188303,2229.673051146769,0,,2332.7910257401977,Lucy,0_28_6_159,,,,,2229.7,2332.8
0000_028_13_200_1_1,2,2,0,28,13,1,1,1,200,-1.7148,34.506,0.0,0.0,,8,24.29,1.0,1.0,201.518,2024-02-01 00:00:00,-60.48266,-66.0563,2024-02-01 17:04:13,2233.780212903957,2234.3940071917355,0,,2336.9689030430195,Lucy,0_28_13_200,,,,,2234.4,2337.0
0000_028_8_220_1_1,2,2,0,28,8,1,1,1,220,-1.6946,34.5272,0.0,0.0,,8,24.33,1.0,1.0,221.815,2024-02-01 00:00:00,-60.48266,-66.0563,2024-02-01 14:08:08,2230.9165218723874,2231.529529280066,0,,2335.8778954581626,Lucy,0_28_8_220,2234.814446694549,3.0895833638755517,2336.715010502307,1.815239435896092,2234.8,2336.7
0000_028_4_290_1_1,2,2,0,28,4,1,1,1,290,-2.0284,34.5388,0.0,0.0,,8,24.32,1.0,1.0,292.913,2024-02-01 00:00:00,-60.48266,-66.0563,2024-02-01 11:40:09,2233.727384303479,2234.341164075106,0,,2336.976663367758,Lucy,0_28_4_290,2235.2532174536514,0.7899699572469139,2336.2850796746134,1.0508241716162088,2235.3,2336.3
0000_028_2_333_1_1,2,2,0,28,2,1,1,1,333,-2.0206,34.5404,0.0,0.0,,8,23.94,1.0,1.0,336.382,2024-02-01 00:00:00,-60.48266,-66.0563,2024-02-01 10:09:17,2231.1806485974494,2231.793728581415,0,,2335.850482282457,Lucy,0_28_2_333,2232.8908118352106,1.1493051378680468,2336.628517811579,0.8028593737134764,2232.9,2336.6
0000_036_22_2_1_1,2,2,0,36,22,1,1,1,2,-0.602,32.5386,0.0,0.0,,9,24.44,1.0,1.0,2.211,2024-02-01 00:00:00,-60.2236,-66.17418,2024-02-02 17:05:14,1943.0519858317136,1940.725882824044,0,1941.483995136569,2236.366614576737,Lucy,0_36_22_2,,,,,1940.7,2236.4
0000_036_18_10_1_1,2,2,0,36,18,1,1,1,10,-0.7808,32.8706,0.0,0.0,,9,24.42,1.0,1.0,10.123,2024-02-01 00:00:00,-60.2236,-66.17418,2024-02-02 16:30:55,2032.941808693904,2030.5080950876272,0,2031.5766808094056,2277.022387761522,Lucy,0_36_18_10,,,,,2030.5,2277.0
0000_036_17_25_1_1,2,2,0,36,17,1,1,1,25,-1.5926,34.0774,0.0,0.0,,9,24.48,1.0,1.0,25.44,2024-02-01 00:00:00,-60.2236,-66.17418,2024-02-02 15:45:21,2192.2894634038416,2189.664988530451,0,2191.211807045462,2318.695687662864,Lucy,0_36_17_25,,,,,2189.7,2318.7
0000_036_14_50_1_1,2,2,0,36,14,1,1,1,50,-1.7234,34.2726,0.0,0.0,,9,24.32,1.0,1.0,50.682,2024-02-01 00:00:00,-60.2236,-66.17418,2024-02-02 15:14:42,2210.1013918523645,2207.4555936275456,0,2209.282555502705,2326.3472594334544,Lucy,0_36_14_50,,,,,2207.5,2326.3
0000_036_13_110_1_1,2,2,0,36,13,1,1,1,110,-1.8756,34.3936,0.0,0.0,,9,24.37,1.0,1.0,111.378,2024-02-01 00:00:00,-60.2236,-66.17418,2024-02-02 14:32:08,2224.366728236059,2221.7038524229365,0,2223.9167221938897,2328.64634528294,Lucy,0_36_13_110,,,,,2221.7,2328.6
0000_036_10_160_1_1,2,2,0,36,10,1,1,1,160,-1.8696,34.4352,0.0,0.0,,9,24.35,1.0,1.0,162.007,2024-02-01 00:00:00,-60.2236,-66.17418,2024-02-02 14:05:09,2231.3902805578327,2228.718996577404,0,2231.176822539713,2332.470885995791,Lucy,0_36_10_160,,,,,2228.7,2332.5
0000_036_8_190_1_1,2,2,0,36,8,1,1,1,190,-1.9974,34.4552,0.0,0.0,,9,24.44,1.0,1.0,192.424,2024-02-01 00:00:00,-60.2236,-66.17418,2024-02-02 13:38:27,2228.6582474434936,2225.9902340860285,0,2228.680282582752,2332.2817491920555,Lucy,0_36_8_190,,,,,2226.0,2332.3
0000_036_6_230_1_1,2,2,0,36,6,1,1,1,230,-1.9003,34.4946,0.0,0.0,,9,24.14,1.0,1.0,231.995,2024-02-01 00:00:00,-60.2236,-66.17418,2024-02-02 12:15:30,2234.8764137544463,2232.200956388554,0,2235.631671615181,2333.837209133881,Lucy,0_36_6_230,2228.993088098509,2.847702535239732,2333.738978180128,0.3507811519626187,2229.0,2333.7
0000_036_4_300_1_1,2,2,0,36,4,1,1,1,300,-2.0399,34.527,0.0,0.0,,9,24.49,1.0,1.0,303.104,2024-02-01 00:00:00,-60.2236,-66.17418,2024-02-02 10:32:33,2231.6663226425835,2228.9947082014537,0,2233.329790069222,2334.608763804644,Lucy,0_36_4_300,2230.26971028642,1.11423987480792,2334.5195639358158,0.8043290882809208,2230.3,2334.5
0000_036_2_350_1_1,2,2,0,36,2,1,1,1,350,-1.9328,34.5583,0.0,0.0,,9,24.26,1.0,1.0,354.495,2024-02-01 00:00:00,-60.2236,-66.17418,2024-02-02 09:11:15,2231.9540914302047,2229.2821324898805,0,2234.3364628211725,2337.945277681796,Lucy,0_36_2_350,2231.3063614134367,2.367461468903563,2337.6125856481344,0.6670431205574967,2231.3,2337.6
0000_039_20_5_1_1,2,4,0,39,20,1,1,1,5,-0.9082,32.8491,0.0,0.0,,9,24.25,1.0,1.0,4.688,2024-02-02 00:00:00,-59.90438,-66.135,2024-02-03 04:04:16,1981.710020287513,1979.3376382451736,0,1974.969264493052,0.0,Lucy,0_39_20_5,,,,,1979.3,0.0
0000_039_19_9_1_1,2,2,0,39,19,1,1,1,9,-0.9019,32.8602,0.0,0.0,,9,24.39,1.0,1.0,8.909,2024-02-02 00:00:00,-59.90414,-66.13502,2024-02-03 03:42:45,2037.546083395693,2035.1068578333245,0,2030.7875644915985,2256.218907537548,Lucy,0_39_19_9,,,,,2035.1,2256.2
0000_039_18_13_1_1,2,2,0,39,18,1,1,1,13,-0.8894,32.8346,0.0,0.0,,9,24.39,1.0,1.0,12.983,2024-02-02 00:00:00,-59.90394,-66.13506,2024-02-03 03:07:17,2111.694481242085,2109.1664897524524,0,2104.984187249231,2289.6616985235514,Lucy,0_39_18_13,,,,,2109.2,2289.7
0000_039_16_21_1_1,2,2,0,39,16,1,1,1,21,-1.4947,33.904,0.0,0.0,,9,24.91,1.0,1.0,21.13,2024-02-02 00:00:00,-59.9035,-66.1351,2024-02-03 02:38:35,2188.0825595056795,2185.463120880357,0,2181.3762509940625,2312.404238450446,Lucy,0_39_16_21,,,,,2185.5,2312.4
0000_039_14_47_1_1,2,2,0,39,14,1,1,1,47,-1.747,34.3389,0.0,0.0,,9,24.66,1.0,1.0,47.205,2024-02-02 00:00:00,-59.90308,-66.13506,2024-02-03 02:10:23,2230.5683327889374,2227.898032794111,0,2223.9789953486847,2327.5121181307536,Lucy,0_39_14_47,,,,,2227.9,2327.5
0000_039_12_100_1_1,2,2,0,39,12,1,1,1,100,-1.8344,34.4086,0.0,0.0,,9,24.52,1.0,1.0,100.808,2024-02-02 00:00:00,-59.90282,-66.13498,2024-02-03 01:41:22,2229.851915225443,2227.1824728819097,0,2223.519015074386,2327.733751951656,Lucy,0_39_12_100,,,,,2227.2,2327.7
0000_039_11_125_1_1,2,2,0,39,11,1,1,1,125,-1.8028,34.4218,0.0,0.0,,9,24.83,1.0,1.0,126.118,2024-02-02 00:00:00,-59.90274,-66.13492,2024-02-03 01:10:44,2235.0984286420235,2232.4227054934854,0,2229.019813552166,2330.08022980868,Lucy,0_39_11_125,,,,,2232.4,2330.1
0000_039_10_150_1_1,2,2,0,39,10,1,1,1,150,-1.752,34.4481,0.0,0.0,,9,24.39,1.0,1.0,151.435,2024-02-02 00:00:00,-59.90268,-66.13484,2024-02-03 00:40:35,2232.5536432048566,2229.8809665178146,0,2226.746648971796,2332.1066079660327,Lucy,0_39_10_150,,,,,2229.9,2332.1
0000_039_9_175_1_1,2,2,0,39,9,1,1,1,175,-1.7325,34.4681,0.0,0.0,,9,24.42,1.0,1.0,176.719,2024-02-02 00:00:00,-59.90268,-66.1347,2024-02-03 00:13:49,2236.7527696479297,2234.0750660235126,0,2231.170344349438,2335.2501620463963,Lucy,0_39_9_175,,,,,2234.1,2335.3
0000_039_8_200_1_1,2,2,0,39,8,1,1,1,200,-1.7539,34.4832,0.0,0.0,,9,24.39,1.0,1.0,202.045,2024-02-02 00:00:00,-59.9026,-66.13458,2024-02-02 23:01:53,2238.945036385439,2236.264708313354,0,2233.9908705907787,2335.1196310779605,Lucy,0_39_8_200,,,,,2236.3,2335.1
0000_039_7_225_1_1,2,2,0,39,7,1,1,1,225,-1.6818,34.5032,0.0,0.0,,9,24.47,1.0,1.0,227.273,2024-02-02 00:00:00,-59.90242,-66.13448,2024-02-02 21:28:46,2239.003044125231,2236.322646609828,0,2234.8696611031346,2334.9422453847264,Lucy,0_39_7_225,2236.5566856512587,0.330981186515479,2335.852157969866,0.8262138954359622,2236.6,2335.9
0000_039_5_250_1_1,2,2,0,39,5,1,1,1,250,-1.6659,34.5274,0.0,0.0,,9,24.57,1.0,1.0,252.792,2024-02-02 00:00:00,-59.90192,-66.13436,2024-02-02 20:59:11,2241.5893573369835,2238.905863645572,0,2237.7124324198685,2336.678359805001,Lucy,0_39_5_250,,,,,2238.9,2336.7
0000_039_3_262_1_1,2,2,0,39,3,1,1,1,262,-1.6498,34.5394,0.0,0.0,,9,24.49,1.0,1.0,265.001,2024-02-02 00:00:00,-59.90152,-66.13428,2024-02-02 19:08:02,2239.25384414225,2236.573146384404,0,2236.361979690233,2336.6799132017345,Lucy,0_39_3_262,2238.2813478967364,1.4832504188771916,2337.041134235086,1.1335728929143036,2238.3,2337.0
0000_039_1_312_1_1,2,2,0,39,1,1,1,1,312,-1.7607,34.5615,0.0,0.0,,9,24.06,1.0,1.0,315.542,2024-02-02 00:00:00,-59.90096,-66.1341,2024-02-02 17:43:51,2237.8791364322697,2235.200084390423,0,2235.7321746526404,2339.2227405462377,Lucy,0_39_1_312,2236.8521787430113,3.0095100939434305,2339.258571518207,0.3368133295836745,2236.9,2339.3
0000_044_24_2_1_1,2,2,0,44,24,1,1,1,2,-0.8877,32.6902,0.0,0.0,,10,24.93,1.0,1.0,1.815,2024-02-02 00:00:00,-60.33256,-66.0673,2024-02-03 20:33:30,1966.6201171500904,1970.0871557456328,0,1968.3764252987787,2237.7127169938058,Lucy,0_44_24_2,,,,,1970.1,2237.7
0000_044_22_3_1_1,2,2,0,44,22,1,1,1,3,-0.8804,32.6984,0.0,0.0,,10,24.74,1.0,1.0,2.726,2024-02-02 00:00:00,-60.33256,-66.0673,2024-02-03 20:04:46,1967.5228773342385,1970.9915074442647,0,1969.5013447273325,2238.048984750699,Lucy,0_44_22_3,,,,,1971.0,2238.0
0000_044_21_5_1_1,2,2,0,44,21,1,1,1,5,-0.899,32.6966,0.0,0.0,,10,25.11,1.0,1.0,4.678,2024-02-02 00:00:00,-60.33256,-66.0673,2024-02-03 19:32:35,1965.597484765878,1969.062720519116,0,1967.821763263059,2238.855899249371,Lucy,0_44_21_5,,,,,1969.1,2238.9
0000_044_19_8_1_1,2,2,0,44,19,1,1,1,8,-0.9156,32.6818,0.0,0.0,,10,24.87,1.0,1.0,7.627,2024-02-02 00:00:00,-60.33256,-66.0673,2024-02-03 19:03:45,1981.7116254350656,1985.205269495097,0,1984.1779707450107,2250.240151836737,Lucy,0_44_19_8,,,,,1985.2,2250.2
0000_044_18_12_1_1,2,2,0,44,18,1,1,1,12,-1.0728,32.9434,0.0,0.0,,10,24.65,1.0,1.0,11.87,2024-02-02 00:00:00,-60.33256,-66.0673,2024-02-03 18:09:59,2009.003912014104,2012.545670811752,0,2011.927497542195,2256.531461814772,Lucy,0_44_18_12,,,,,2012.5,2256.5
0000_044_16_19_1_1,2,2,0,44,16,1,1,1,19,-1.1944,33.2529,0.0,0.0,,10,24.48,1.0,1.0,18.879,2024-02-02 00:00:00,-60.33256,-66.0673,2024-02-03 17:42:24,2158.211937697993,2162.0167416965423,0,2161.5860061059498,2307.220951412695,Lucy,0_44_16_19,,,,,2162.0,2307.2
0000_044_14_30_1_1,2,2,0,44,14,1,1,1,30,-1.666,34.194,0.0,0.0,,10,24.79,1.0,1.0,30.01,2024-02-02 00:00:00,-60.33256,-66.0673,2024-02-03 17:13:39,2213.2938774450254,2217.195787747611,0,2217.003540304356,2321.628633365079,Lucy,0_44_14_30,,,,,2217.2,2321.6
0000_044_13_160_1_1,2,2,0,44,13,1,1,1,160,-1.7534,34.4577,0.0,0.0,,10,24.47,1.0,1.0,161.486,2024-02-02 00:00:00,-60.33272,-66.06728,2024-02-03 16:43:48,2230.0866692938503,2234.0181843263776,0,2234.0855301976744,2332.9628911767486,Lucy,0_44_13_160,,,,,2234.0,2333.0
0000_044_12_200_1_1,2,2,0,44,12,1,1,1,200,-1.8306,34.4752,0.0,0.0,,10,24.3,1.0,1.0,202.04,2024-02-02 00:00:00,-60.33286,-66.06726,2024-02-03 15:52:23,2231.8160504524794,2235.75061428491,0,2236.268166623224,2332.524647474836,Lucy,0_44_12_200,,,,,2235.8,2332.5
0000_044_8_225_1_1,2,2,0,44,8,1,1,1,225,-1.845,34.4801,0.0,0.0,,10,24.37,1.0,1.0,227.438,2024-02-02 00:00:00,-60.33308,-66.06726,2024-02-03 15:19:44,2229.024205448885,2232.953847418524,0,2233.756340339935,2334.139416500881,Lucy,0_44_8_225,,,,,2233.0,2334.1
0000_044_6_290_1_1,2,2,0,44,6,1,1,1,290,-1.6497,34.5284,0.0,0.0,,10,24.34,1.0,1.0,293.404,2024-02-02 00:00:00,-60.33306,-66.06726,2024-02-03 13:57:29,2237.733550517731,2241.678546563754,0,2243.2067479999896,2336.173252042416,Lucy,0_44_6_290,2243.006341977846,1.1971347219090887,2336.311233661408,0.5368181931774981,2243.0,2336.3
0000_044_4_350_1_1,2,2,0,44,4,1,1,1,350,-1.6532,34.5468,0.0,0.0,,10,24.29,1.0,1.0,354.409,2024-02-02 00:00:00,-60.33306,-66.06726,2024-02-03 12:36:19,2241.612217526895,2245.56405144064,0,2247.8096508894005,2338.286007518509,Lucy,0_44_4_350,2243.9689787451994,1.6168340171671531,2337.9896136119755,0.35888278251163097,2244.0,2338.0
0000_044_2_382_1_1,2,2,0,44,2,1,1,1,382,-1.6524,34.5467,0.0,0.0,,10,24.37,1.0,1.0,386.116,2024-02-02 00:00:00,-60.33306,-66.06724,2024-02-03 11:10:36,2236.898710209637,2240.842234480026,0,2243.83683385474,2339.250567336412,Lucy,0_44_2_382,2242.237976323659,1.6723903410094385,2338.24441630558,1.1834687122553582,2242.2,2338.2
0000_046_24_2_1_1,2,2,0,46,24,1,1,1,2,-0.9864,33.038,0.0,0.0,,11,24.47,1.0,1.0,1.759,2024-02-02 00:00:00,-59.61352,-65.81188,2024-02-04 21:08:33,2044.9320703961089,2043.5086500702344,0,,2251.827612217005,Lucy,0_46_24_2,,,,,2043.5,2251.8
0000_046_22_4_1_1,2,2,0,46,22,1,1,1,4,-0.9926,33.0617,0.0,0.0,,11,24.5,1.0,1.0,3.682,2024-02-02 00:00:00,-59.61352,-65.8119,2024-02-04 21:42:44,2047.31177295128,2045.8866961806589,0,,2252.776103248734,Lucy,0_46_22_4,,,,,2045.9,2252.8
0000_046_21_7_1_1,2,2,0,46,21,1,1,1,7,-0.9924,33.0688,0.0,0.0,,11,24.39,1.0,1.0,6.516,2024-02-02 00:00:00,-59.6135,-65.81188,2024-02-04 22:10:21,2056.493370705192,2055.061902879799,0,,2254.706340032444,Lucy,0_46_21_7,,,,,2055.1,2254.7
0000_046_19_13_1_1,2,2,0,46,19,1,1,1,13,-1.0809,33.3239,0.0,0.0,,11,24.46,1.0,1.0,12.729,2024-02-02 00:00:00,-59.6135,-65.8118,2024-02-04 22:38:08,2108.7349325203704,2107.267100797115,0,,2268.2115406895464,Lucy,0_46_19_13,,,,,2107.3,2268.2
0000_054_23_2_1_1,2,2,0,54,23,1,1,1,2,0.168,33.4582,0.0,0.0,,11,24.24,1.0,1.0,1.889,2024-02-04 00:00:00,-58.2575,-64.58894,2024-02-04 09:33:37,2116.760314414319,2115.286896445988,0,,2281.695918639733,Lucy,0_54_23_2,,,,,2115.3,2281.7
0000_054_22_7_1_1,2,2,0,54,22,1,1,1,7,-0.4653,33.8124,0.0,0.0,,11,24.33,1.0,1.0,7.064,2024-02-04 00:00:00,-58.2575,-64.58894,2024-02-04 10:00:55,2148.284164448745,2146.788803605371,0,,2298.785232099725,Lucy,0_54_22_7,,,,,2146.8,2298.8
0000_054_21_13_1_1,2,2,0,54,21,1,1,1,13,-0.8368,34.0511,0.0,0.0,,11,24.29,1.0,1.0,13.297,2024-02-04 00:00:00,-58.2575,-64.58894,2024-02-04 10:29:17,2189.5109814973034,2187.98692381348,0,,2314.214592203198,Lucy,0_54_21_13,,,,,2188.0,2314.2
0000_054_20_13_1_1,2,2,0,54,20,1,1,1,13,-0.8486,34.0661,0.0,0.0,,11,24.21,1.0,1.0,13.297,2024-02-04 00:00:00,-58.2575,-64.58894,2024-02-04 11:13:56,2187.657110769469,2186.134343513485,0,,2314.5830798973984,Lucy,0_54_20_13,,,,,2186.1,2314.6
0000_054_19_22_1_1,2,2,0,54,19,1,1,1,22,-0.9748,34.1564,0.0,0.0,,11,24.19,1.0,1.0,22.142,2024-02-04 00:00:00,-58.2575,-64.58894,2024-02-04 11:45:06,2207.824648938767,2206.287843620508,0,,2322.1511136622275,Lucy,0_54_19_22,,,,,2206.3,2322.2
0000_054_17_35_1_1,2,2,0,54,17,1,1,1,35,-1.2395,34.2772,0.0,0.0,,11,24.39,1.0,1.0,35.261,2024-02-04 00:00:00,-58.2575,-64.58894,2024-02-04 12:12:33,2215.8805748004133,2214.338161976271,0,,2326.3092518118724,Lucy,0_54_17_35,,,,,2214.3,2326.3
0000_054_15_52_1_1,2,2,0,54,15,1,1,1,52,-1.3092,34.3141,0.0,0.0,,11,24.29,1.0,1.0,52.435,2024-02-04 00:00:00,-58.2575,-64.58894,2024-02-04 12:42:29,2225.1585979283464,2223.609726930411,0,,2326.257924589562,Lucy,0_54_15_52,,,,,2223.6,2326.3
0000_054_14_78_1_1,2,2,0,54,14,1,1,1,78,-1.3637,34.3443,0.0,0.0,,11,24.12,1.0,1.0,78.71,2024-02-04 00:00:00,-58.2575,-64.58894,2024-02-04 13:09:15,2229.153269858872,2227.6016182809344,0,,2326.8923634848115,Lucy,0_54_14_78,,,,,2227.6,2326.9
0000_054_13_100_1_1,2,2,0,54,13,1,1,1,100,-1.3815,34.363,0.0,0.0,,11,24.19,1.0,1.0,100.965,2024-02-04 00:00:00,-58.2575,-64.58894,2024-02-04 13:36:08,2229.1547214267057,2227.603068838373,0,,2329.1027585788875,Lucy,0_54_13_100,,,,,2227.6,2329.1
0000_054_12_140_1_1,2,2,0,54,12,1,1,1,140,-1.429,34.3722,0.0,0.0,,11,24.27,1.0,1.0,141.468,2024-02-04 00:00:00,-58.2575,-64.58894,2024-02-04 14:04:20,2230.688569743289,2229.1358494858137,0,,2326.914286749303,Lucy,0_54_12_140,,,,,2229.1,2326.9
0000_054_11_160_1_1,2,2,0,54,11,1,1,1,160,-1.439,34.3751,0.0,0.0,,11,24.19,1.0,1.0,161.701,2024-02-04 00:00:00,-58.2575,-64.58894,2024-02-04 14:36:12,2229.9052376329137,2228.353062631128,0,,2328.4538463177446,Lucy,0_54_11_160,,,,,2228.4,2328.5
0000_054_10_200_1_1,2,2,0,54,10,1,1,1,200,-1.4754,34.3864,0.0,0.0,,11,24.26,1.0,1.0,202.207,2024-02-04 00:00:00,-58.2575,-64.58894,2024-02-04 15:08:41,2230.5610482971542,2229.0084168038097,0,,2330.039184630931,Lucy,0_54_10_200,,,,,2229.0,2330.0
0000_054_8_230_1_1,2,2,0,54,8,1,1,1,230,-1.4906,34.3911,0.0,0.0,,11,24.27,1.0,1.0,232.709,2024-02-04 00:00:00,-58.25762,-64.5889,2024-02-04 15:53:06,2230.6604766912856,2229.1077759886016,0,,2330.597752359185,Lucy,0_54_8_230,2230.157025320063,4.3948884667788946,2328.8971358228246,1.607530739765773,2230.2,2328.9
0000_054_7_283_1_1,2,2,0,54,7,1,1,1,283,-1.5388,34.404,0.0,0.0,,11,24.63,1.0,1.0,285.467,2024-02-04 00:00:00,-58.25768,-64.5889,2024-02-04 17:27:14,2234.5466415320143,2232.991235778094,0,,2331.625729256677,Lucy,0_54_7_283,,,,,2233.0,2331.6
0000_054_5_370_1_1,2,2,0,54,5,1,1,1,370,-1.6554,34.4285,0.0,0.0,,11,24.47,1.0,1.0,373.825,2024-02-04 00:00:00,-58.258,-64.5888,2024-02-04 17:54:12,2237.3380934610523,2235.7807446551,0,,2330.521246832968,Lucy,0_54_5_370,,,,,2235.8,2330.5
0000_054_3_433_1_1,2,2,0,54,3,1,1,1,433,-1.7564,34.4489,0.0,0.0,,11,24.4,1.0,1.0,437.305,2024-02-04 00:00:00,-58.25824,-64.58874,2024-02-04 18:22:19,2239.170316543273,2237.6116923778045,0,,2329.768731571836,Lucy,0_54_3_433,2238.0029518075257,0.9945459878626649,2330.7367696944143,1.083044308041019,2238.0,2330.7
0000_054_1_483_1_1,2,2,0,54,1,1,1,1,483,-1.8287,34.4652,0.0,0.0,,11,24.47,1.0,1.0,488.329,2024-02-04 00:00:00,-58.25876,-64.5886,2024-02-04 19:43:39,2242.629142821691,2241.0681110634714,0,,2333.6819997506204,Lucy,0_54_1_483,2241.9201596695507,0.7866936444311778,2332.240075508345,1.3716913041857852,2241.9,2332.2
0000_071_24_2_1_1,2,2,0,71,24,1,1,1,2,-1.4056,33.4282,0.0,0.0,,12,24.15,1.0,1.0,1.578,2024-02-08 00:00:00,-48.52212,-64.50664,2024-02-08 14:14:10,2159.6597144713523,2160.1931512041906,0,,2270.39592464949,Lucy,0_71_24_2,,,,,2160.2,2270.4
0000_071_22_11_1_1,2,2,0,71,22,1,1,1,11,-1.6069,33.4514,0.0,0.0,,12,24.06,1.0,1.0,11.186,2024-02-08 00:00:00,-48.52138,-64.50698,2024-02-08 14:43:56,2161.1367219371714,2161.6705234913893,0,,2268.7090807742425,Lucy,0_71_22_11,,,,,2161.7,2268.7
0000_071_20_22_1_1,2,2,0,71,20,1,1,1,22,-1.586,33.4486,0.0,0.0,,12,24.22,1.0,1.0,22.46,2024-02-08 00:00:00,-48.52084,-64.50722,2024-02-08 15:13:54,2160.8824699792467,2161.4162087331383,0,,2270.5231839737994,Lucy,0_71_20_22,,,,,2161.4,2270.5
0000_071_19_38_1_1,2,2,0,71,19,1,1,1,38,-1.5598,34.241,0.0,0.0,,12,24.17,1.0,1.0,38.619,2024-02-08 00:00:00,-48.52046,-64.50738,2024-02-08 15:50:17,2217.4098053704097,2217.957506396647,0,,2320.881867392126,Lucy,0_71_19_38,,,,,2218.0,2320.9
0000_071_17_59_1_1,2,2,0,71,17,1,1,1,59,-1.6311,34.323,0.0,0.0,,12,24.11,1.0,1.0,59.956,2024-02-08 00:00:00,-48.5199,-64.50762,2024-02-08 16:50:11,2219.447697211224,2219.995901597486,0,,2327.9020024928864,Lucy,0_71_17_59,,,,,2220.0,2327.9
0000_071_15_80_1_1,2,2,0,71,15,1,1,1,80,-1.5496,34.3856,0.0,0.0,,12,24.28,1.0,1.0,81.188,2024-02-08 00:00:00,-48.51948,-64.5079,2024-02-08 17:16:41,2232.46580386371,2233.0172237270363,0,,2329.20179339788,Lucy,0_71_15_80,,,,,2233.0,2329.2
0000_071_13_90_1_1,2,2,0,71,13,1,1,1,90,-1.1751,34.432,0.0,0.0,,12,24.12,1.0,1.0,90.375,2024-02-08 00:00:00,-48.51912,-64.50816,2024-02-08 17:43:58,2238.2773704850965,2238.830225807485,0,,2335.30753823816,Lucy,0_71_13_90,,,,,2238.8,2335.3
0000_071_12_140_1_1,2,2,0,71,12,1,1,1,140,0.079,34.5995,0.0,0.0,,12,24.19,1.0,1.0,140.626,2024-02-08 00:00:00,-48.5187,-64.50844,2024-02-08 18:10:35,2256.7223138054383,2257.27972503552,0,,2341.9703421477493,Lucy,0_71_12_140,,,,,2257.3,2342.0
0000_071_11_200_1_1,2,2,0,71,11,1,1,1,200,0.7215,34.6805,0.0,0.0,,12,24.23,1.0,1.0,201.248,2024-02-08 00:00:00,-48.51834,-64.50868,2024-02-08 18:38:57,2261.9190960836445,2262.477790920833,0,,2349.187847926873,Lucy,0_71_11_200,,,,,2262.5,2349.2
0000_071_10_250_1_1,2,2,0,71,10,1,1,1,250,0.7929,34.6899,0.0,0.0,,12,24.28,1.0,1.0,251.852,2024-02-08 00:00:00,-48.518,-64.5089,2024-02-08 19:05:45,2260.109806546922,2260.668054488938,0,,2351.833151689884,Lucy,0_71_10_250,,,,,2260.7,2351.8
0000_071_9_250_1_1,2,2,0,71,9,1,1,1,250,0.7928,34.6899,0.0,0.0,,12,24.14,1.0,1.0,251.322,2024-02-08 00:00:00,-48.5179,-64.509,2024-02-08 19:39:29,2262.889769849281,2263.448704443241,0,,2351.819822042324,Lucy,0_71_9_250,,,,,2263.4,2351.8
0000_071_8_500_1_1,2,2,0,71,8,1,1,1,500,0.615,34.6895,0.0,0.0,,12,24.24,1.0,1.0,507.353,2024-02-08 00:00:00,-48.51718,-64.50976,2024-02-08 20:10:03,2263.7530760726104,2264.312223903521,0,,2352.2624972359395,Lucy,0_71_8_500,,,,,2264.3,2352.3
0000_071_7_1000_1_1,2,2,0,71,7,1,1,1,1000,0.3494,34.6806,0.0,0.0,,12,24.34,1.0,1.0,1013.175,2024-02-08 00:00:00,-48.51646,-64.51098,2024-02-08 20:52:56,2264.040627122106,2264.59984597823,0,,2355.981203039055,Lucy,0_71_7_1000,,,,,2264.6,2356.0
0000_071_6_2000_1_1,2,2,0,71,6,1,1,1,2000,-0.0148,34.6647,0.0,0.0,,12,24.32,1.0,1.0,2020.211,2024-02-08 00:00:00,-48.5138,-64.5131,2024-02-08 21:27:18,2256.302906202881,2256.860213839132,0,,2350.7239358075158,Lucy,0_71_6_2000,,,,,2256.9,2350.7
0000_071_5_3740_1_1,2,2,0,71,5,1,1,1,3740,-0.2774,34.6511,0.0,0.0,,12,24.39,1.0,1.0,3809.026,2024-02-08 00:00:00,-48.50654,-64.51764,2024-02-08 22:06:09,2249.7347007792096,2250.2903860663378,0,,2350.9877166581555,Lucy,0_71_5_3740,2250.6030625807175,0.7373900167061768,2351.9431651110494,0.8287728262037418,2250.6,2351.9
0000_071_3_3890_1_1,2,2,0,71,3,1,1,1,3890,-0.5529,34.629,0.0,0.0,,12,24.38,1.0,1.0,3964.674,2024-02-08 00:00:00,-48.50554,-64.51824,2024-02-09 00:24:33,2251.372884527752,2251.9289744468606,0,,2348.4847215860827,Lucy,0_71_3_3890,2249.7699391165243,2.595248837650191,2346.680361290253,2.238135794852926,2249.8,2346.7
0000_071_1_3932_1_1,2,2,0,71,1,1,1,1,3932,-0.6261,34.6222,0.0,0.0,,12,24.29,1.0,1.0,4007.693,2024-02-08 00:00:00,-48.50488,-64.51864,2024-02-09 01:58:02,2242.864302184708,2243.418290480892,0,,2336.5777206577404,Lucy,0_71_1_3932,2247.293923328183,3.431703309339156,2342.933447613405,5.504489765540364,2247.3,2342.9
0000_076_23_2_1_1,2,2,0,76,23,1,1,1,2,-1.3907,33.3206,0.0,0.0,,13,24.42,1.0,1.0,6.267,2024-02-09 00:00:00,-49.68776,-64.50046,2024-02-09 13:43:04,2148.4750904997813,2147.088912155458,0,2149.863664972661,2259.727996343164,Lucy,0_76_23_2,,,,,2147.1,2259.7
0000_076_22_13_1_1,2,2,0,76,22,1,1,1,13,-1.4057,33.3247,0.0,0.0,,13,24.54,1.0,1.0,12.642,2024-02-09 00:00:00,-49.68774,-64.5005,2024-02-09 14:13:32,2148.9473986823195,2147.5609156086666,0,2150.1621775607136,2262.098007289881,Lucy,0_76_22_13,,,,,2147.6,2262.1
0000_076_20_24_1_1,2,2,0,76,20,1,1,1,24,-1.379,33.5368,0.0,0.0,,13,24.44,1.0,1.0,25.468,2024-02-09 00:00:00,-49.68758,-64.50068,2024-02-09 14:41:04,2164.8361532407644,2163.43941887419,0,2165.9014365804514,2277.2635593990294,Lucy,0_76_20_24,,,,,2163.4,2277.3
0000_076_19_42_1_1,2,2,0,76,19,1,1,1,42,-1.5215,34.224,0.0,0.0,,13,24.37,1.0,1.0,40.95,2024-02-09 00:00:00,-49.68758,-64.5007,2024-02-09 15:09:47,2211.094131913012,2209.6675522814994,0,2212.013383111469,2317.8995824208523,Lucy,0_76_19_42,,,,,2209.7,2317.9
0000_076_17_66_1_1,2,2,0,76,17,1,1,1,66,-1.6226,34.3432,0.0,0.0,,13,24.29,1.0,1.0,71.207,2024-02-09 00:00:00,-49.68756,-64.50074,2024-02-09 15:48:11,2227.565120685705,2226.1279141085765,0,2228.263865668027,2326.626629193493,Lucy,0_76_17_66,,,,,2226.1,2326.6
0000_076_15_100_1_1,2,2,0,76,15,1,1,1,100,-0.5292,34.5061,0.0,0.0,,13,24.32,1.0,1.0,109.122,2024-02-09 00:00:00,-49.68756,-64.50078,2024-02-09 16:40:59,2250.6504882807008,2249.1983872154888,0,2251.040699799014,2334.434483136455,Lucy,0_76_15_100,,,,,2249.2,2334.4
0000_076_14_150_1_1,2,2,0,76,14,1,1,1,150,0.2684,34.6172,0.0,0.0,,13,24.52,1.0,1.0,149.648,2024-02-09 00:00:00,-49.68746,-64.50082,2024-02-09 17:10:50,2259.187876852582,2257.730267534932,0,2259.4004102459826,2343.15982223164,Lucy,0_76_14_150,,,,,2257.7,2343.2
0000_076_13_200_1_1,2,2,0,76,13,1,1,1,200,0.7135,34.6804,0.0,0.0,,13,24.4,1.0,1.0,200.933,2024-02-09 00:00:00,-49.68734,-64.5009,2024-02-09 17:37:48,2263.085504501803,2261.625380467057,0,2263.1362971172925,2348.5689334644544,Lucy,0_76_13_200,,,,,2261.6,2348.6
0000_076_12_230_2_1,2,2,0,76,12,2,1,1,230,0.7217,34.6851,0.0,0.0,,13,24.44,1.0,1.0,227.584,2024-02-09 00:00:00,-49.6873,-64.50096,2024-02-09 18:06:59,2262.7241534520285,2261.264262557989,0,2262.599559406228,2349.3445888496285,Lucy,0_76_12_230,,,,,2261.3,2349.3
0000_076_10_700_1_1,2,2,0,76,10,1,1,1,700,0.4494,34.6849,0.0,0.0,,13,24.5,1.0,1.0,806.18,2024-02-09 00:00:00,-49.68702,-64.50176,2024-02-09 18:37:42,2267.550291545392,2266.0872868670026,0,2267.240474277213,2354.765965468201,Lucy,0_76_10_700,,,,,2266.1,2354.8
0000_076_9_1300_1_1,2,2,0,76,9,1,1,1,1300,0.2379,34.6768,0.0,0.0,,13,24.53,1.0,1.0,1314.111,2024-02-09 00:00:00,-49.68974,-64.50404,2024-02-09 19:04:26,2262.824885299992,2261.364929414597,0,2262.355101412272,2355.929444595533,Lucy,0_76_9_1300,,,,,2261.4,2355.9
0000_076_8_1800_1_1,2,2,0,76,8,1,1,1,1800,0.0586,34.6685,0.0,0.0,,13,24.28,1.0,1.0,1822.453,2024-02-09 00:00:00,-49.693,-64.50582,2024-02-09 20:00:18,2259.6828229062776,2258.224894253532,0,2258.8785873403995,2353.892206196592,Lucy,0_76_8_1800,,,,,2258.2,2353.9
0000_076_7_2300_1_1,2,2,0,76,7,1,1,1,2300,-0.0732,34.6614,0.0,0.0,,13,24.48,1.0,1.0,2332.597,2024-02-09 00:00:00,-49.6949,-64.50764,2024-02-09 19:31:59,2257.905595336516,2256.448813336287,0,2257.271697636397,2351.616284004594,Lucy,0_76_7_2300,,,,,2256.4,2351.6
0000_076_6_2800_1_1,2,2,0,76,6,1,1,1,2800,-0.1552,34.6576,0.0,0.0,,13,24.59,1.0,1.0,2825.564,2024-02-09 00:00:00,-49.69376,-64.50978,2024-02-09 20:51:05,2251.7797150327665,2250.326885399801,0,2250.674830804068,2349.958253120463,Lucy,0_76_6_2800,,,,,2250.3,2350.0
0000_076_5_3280_1_1,2,2,0,76,5,1,1,1,3280,-0.3071,34.6481,0.0,0.0,,13,24.7,1.0,1.0,3322.334,2024-02-09 00:00:00,-49.6931,-64.5121,2024-02-09 21:27:35,2252.2442893034568,2250.7911599310187,0,2250.9210728755606,2350.309349457609,Lucy,0_76_5_3280,2251.6161781772284,0.8647026285378834,2346.0781060096347,4.754534547604076,2251.6,2346.1
0000_076_3_3430_1_1,2,2,0,76,3,1,1,1,3430,-0.7506,34.6158,0.0,0.0,,13,24.87,1.0,1.0,3489.6,2024-02-09 00:00:00,-49.69356,-64.51318,2024-02-09 23:53:01,2247.3372663162936,2245.8873029144684,0,2245.1502139067247,2340.4442291645587,Lucy,0_76_3_3430,2246.7375469456324,0.8140849653676583,2341.8771195646514,1.768625367180305,2246.7,2341.9
0000_076_1_3466_1_1,2,2,0,76,1,1,1,1,3466,-0.8178,34.6102,0.0,0.0,,13,24.78,1.0,1.0,3528.051,2024-02-09 00:00:00,-49.69378,-64.51364,2024-02-10 01:21:20,2245.264930736981,2243.816304388918,0,2242.55437786843,2340.754693842362,Lucy,0_76_1_3466,2243.679886889472,0.9180413386079394,2340.274400048965,0.9816429664901453,2243.7,2340.3
0000_081_24_2_1_1,2,2,0,81,24,1,1,1,2,-1.6972,33.5094,0.0,0.0,,14,24.59,1.0,1.0,2.864,2024-02-10 00:00:00,-50.88152,-64.47576,2024-02-10 12:27:58,2166.0194137297967,2167.6362054593874,0,,2268.712918755564,Lucy,0_81_24_2,,,,,2167.6,2268.7
0000_081_22_5_1_1,2,2,0,81,22,1,1,1,5,-1.6962,33.5096,0.0,0.0,,14,24.54,1.0,1.0,4.939,2024-02-10 00:00:00,-50.88152,-64.47604,2024-02-10 12:55:15,2161.9888475226703,2163.602630698382,0,,2270.661273910805,Lucy,0_81_22_5,,,,,2163.6,2270.7
0000_081_21_9_1_1,2,2,0,81,21,1,1,1,9,-1.695,33.51,0.0,0.0,,14,24.52,1.0,1.0,8.843,2024-02-10 00:00:00,-50.88142,-64.47658,2024-02-10 13:22:20,2160.474675288244,2162.087328233482,0,,2270.954739391549,Lucy,0_81_21_9,,,,,2162.1,2271.0
0000_081_19_15_1_1,2,2,0,81,19,1,1,1,15,-1.6912,33.5128,0.0,0.0,,14,24.48,1.0,1.0,15.42,2024-02-10 00:00:00,-50.88124,-64.47688,2024-02-10 13:50:35,2162.728173947502,2164.342508982003,0,,2272.770054286924,Lucy,0_81_19_15,,,,,2164.3,2272.8
0000_081_18_23_1_1,2,2,0,81,18,1,1,1,23,-1.6888,33.5157,0.0,0.0,,14,24.27,1.0,1.0,23.8,2024-02-10 00:00:00,-50.88108,-64.47718,2024-02-10 14:20:16,2166.9208143114383,2168.538278877568,0,,2285.4438718857405,Lucy,0_81_18_23,,,,,2168.5,2285.4
0000_081_15_35_1_1,2,2,0,81,15,1,1,1,35,-1.5773,34.2195,0.0,0.0,,14,24.19,1.0,1.0,35.954,2024-02-10 00:00:00,-50.88086,-64.47764,2024-02-10 14:48:17,2204.431235862959,2206.076699503776,0,,2316.56134337943,Lucy,0_81_15_35,,,,,2206.1,2316.6
0000_081_14_53_1_1,2,2,0,81,14,1,1,1,53,-1.7422,34.3358,0.0,0.0,,14,24.52,1.0,1.0,55.044,2024-02-10 00:00:00,-50.8808,-64.47794,2024-02-10 15:15:03,2223.4943766158976,2225.154069643632,0,,2325.7993150558323,Lucy,0_81_14_53,,,,,2225.2,2325.8
0000_081_13_100_1_1,2,2,0,81,13,1,1,1,100,-1.7392,34.3731,0.0,0.0,,14,24.47,1.0,1.0,102.123,2024-02-10 00:00:00,-50.8808,-64.47842,2024-02-10 15:50:05,2227.401791500625,2229.064401157836,0,,2325.40955700255,Lucy,0_81_13_100,,,,,2229.1,2325.4
0000_081_12_150_1_1,2,2,0,81,12,1,1,1,150,-0.7302,34.4942,0.0,0.0,,14,24.32,1.0,1.0,151.908,2024-02-10 00:00:00,-50.88078,-64.47884,2024-02-10 16:20:56,2237.7412213494617,2239.4115487143545,0,,2334.4794910294127,Lucy,0_81_12_150,,,,,2239.4,2334.5
0000_081_11_200_1_1,2,2,0,81,11,1,1,1,200,0.1242,34.5982,0.0,0.0,,14,24.33,1.0,1.0,206.418,2024-02-10 00:00:00,-50.88078,-64.47926,2024-02-10 17:10:32,2250.1079958354458,2251.787554188105,0,,2342.9394044120963,Lucy,0_81_11_200,,,,,2251.8,2342.9
0000_081_10_280_1_1,2,2,0,81,10,1,1,1,280,0.6846,34.6722,0.0,0.0,,14,24.39,1.0,1.0,287.385,2024-02-10 00:00:00,-50.8811,-64.48008,2024-02-10 17:37:16,2253.2885151584064,2254.970447560581,0,,2346.927254370984,Lucy,0_81_10_280,,,,,2255.0,2346.9
0000_081_9_350_1_1,2,2,0,81,9,1,1,1,350,0.7074,34.6858,0.0,0.0,,14,24.32,1.0,1.0,359.198,2024-02-10 00:00:00,-50.88134,-64.48054,2024-02-10 18:09:40,2258.7880100791504,2260.474047494349,0,,2349.4736209969265,Lucy,0_81_9_350,,,,,2260.5,2349.5
0000_081_8_750_1_1,2,2,0,81,8,1,1,1,750,0.4831,34.6853,0.0,0.0,,14,24.44,1.0,1.0,761.566,2024-02-10 00:00:00,-50.8826,-64.48224,2024-02-10 18:36:12,2261.2465617019134,2262.9344342649897,0,,2353.7223463074483,Lucy,0_81_8_750,,,,,2262.9,2353.7
0000_081_7_1250_1_1,2,2,0,81,7,1,1,1,1250,0.2466,34.6773,0.0,0.0,,14,24.37,1.0,1.0,1269.681,2024-02-10 00:00:00,-50.88408,-64.48414,2024-02-10 19:02:50,2259.3974887353493,2261.0839810864754,0,,2354.214834632793,Lucy,0_81_7_1250,,,,,2261.1,2354.2
0000_081_6_1750_1_1,2,2,0,81,6,1,1,1,1750,0.0378,34.6674,0.0,0.0,,14,24.44,1.0,1.0,1779.106,2024-02-10 00:00:00,-50.88642,-64.48698,2024-02-10 19:29:37,2254.1556555503485,2255.838235216072,0,,2351.105577999481,Lucy,0_81_6_1750,2256.867984095596,0.9303178360816309,2351.9081044781774,1.3565960196174514,2256.9,2351.9
0000_081_5_2250_1_1,2,2,0,81,5,1,1,1,2250,-0.1041,34.6607,0.0,0.0,,14,24.53,1.0,1.0,2267.873,2024-02-10 00:00:00,-50.888,-64.48868,2024-02-10 22:17:37,2253.9181325925497,2255.600534962931,0,,2351.212734063516,Lucy,0_81_5_2250,,,,,2255.6,2351.2
0000_081_4_2750_1_1,2,2,0,81,4,1,1,1,2750,-0.2164,34.6561,0.0,0.0,,14,24.39,1.0,1.0,2793.694,2024-02-10 00:00:00,-50.88964,-64.49064,2024-02-10 22:44:34,2251.703054463765,2253.3838034232967,0,,2351.7043593350986,Lucy,0_81_4_2750,,,,,2253.4,2351.7
0000_081_3_2957_1_1,2,2,0,81,3,1,1,1,2957,-0.672,34.6216,0.0,0.0,,14,24.42,1.0,1.0,3007.829,2024-02-10 00:00:00,-50.89036,-64.49142,2024-02-10 23:19:14,2244.6491740093634,2246.3246577088016,0,,2345.1233450344703,Lucy,0_81_3_2957,2248.322116955996,1.7500404291052767,2345.0565091180015,0.6797520183277412,2248.3,2345.1
0000_081_1_3040_1_1,2,2,0,81,1,1,1,1,3040,-0.8314,34.6126,0.0,0.0,,14,24.52,1.0,1.0,3060.586,2024-02-10 00:00:00,-50.89084,-64.49202,2024-02-11 00:55:13,2242.860105965468,2244.534254242704,0,,2342.814427910804,Lucy,0_81_1_3040,2244.596728496564,0.8298507285700265,2342.7909214162632,0.6980797165204982,2244.6,2342.8
0000_086_22_2_1_1,2,2,0,86,22,1,1,1,2,-1.6336,33.3268,0.0,0.0,,15,24.42,1.0,1.0,2.6,2024-02-11 00:00:00,-52.73124,-64.5524,2024-02-12 00:23:09,2153.7201680555927,2152.248420164641,0,2150.613755501317,2257.631630073985,Lucy,0_86_22_2,,,,,2152.2,2257.6
0000_086_15_30_1_1,2,2,0,86,15,1,1,1,30,-1.5014,33.9014,0.0,0.0,,15,24.39,1.0,1.0,30.35,2024-02-11 00:00:00,-52.73186,-64.552,2024-02-12 00:51:24,2212.9144315767376,2211.4022331974693,0,2209.554647930983,2315.697582671559,Lucy,0_86_15_30,,,,,2211.4,2315.7
0000_086_8_71_1_1,2,2,0,86,8,1,1,1,71,-1.7394,34.363,0.0,0.0,,15,24.61,1.0,1.0,71.833,2024-02-11 00:00:00,-52.73228,-64.5517,2024-02-12 01:18:38,2225.8801972943456,2224.359138739725,0,2222.3378570150576,2327.0255967115545,Lucy,0_86_8_71,,,,,2224.4,2327.0
0000_086_5_200_1_1,2,2,0,86,5,1,1,1,200,-1.2643,34.4404,0.0,0.0,,15,24.37,1.0,1.0,202.634,2024-02-11 00:00:00,-52.7329,-64.55132,2024-02-12 01:50:16,2234.315824188826,2232.789001135978,0,2230.570186504517,2329.69335257268,Lucy,0_86_5_200,2233.4880164386764,1.696054183354396,2329.159267861704,0.8356327031765933,2233.5,2329.2
0000_087_23_2_1_1,2,2,0,87,23,1,1,1,2,-1.6406,33.3028,0.0,0.0,,15,24.4,1.0,1.0,2.015,2024-02-11 00:00:00,-52.71384,-64.5534,2024-02-11 12:03:43,2147.4396044707955,2145.9721484123424,0,2148.6181227297493,2258.815480296159,Lucy,0_87_23_2,,,,,2146.0,2258.8
0000_087_22_9_1_1,2,2,0,87,22,1,1,1,9,-1.6446,33.3009,0.0,0.0,,15,24.59,1.0,1.0,2.018,2024-02-11 00:00:00,-52.71388,-64.55344,2024-02-11 12:32:18,2150.297519088406,2148.828110069733,0,2151.3117816160643,2259.08383544594,Lucy,0_87_22_9,,,,,2148.8,2259.1
0000_087_20_17_1_1,2,4,0,87,20,1,1,1,17,-1.6399,33.3027,0.0,0.0,,15,24.4,1.0,1.0,17.48,2024-02-11 00:00:00,-52.71424,-64.55366,2024-02-11 12:59:06,2148.330157338658,2146.8620927195734,0,2149.188179060198,0.0,Lucy,0_87_20_17,2146.8620927195734,,2255.747546181974,,2146.9,2255.7
0000_087_19_30_1_1,2,2,0,87,19,1,1,1,30,-1.643,33.3061,0.0,0.0,,15,24.6,1.0,1.0,17.467,2024-02-11 00:00:00,-52.71428,-64.5537,2024-02-11 13:57:47,2151.419298802444,2149.9491232139294,0,2151.938058889343,2263.501534323647,Lucy,0_87_19_30,,,,,2149.9,2263.5
0000_087_17_47_1_1,2,2,0,87,17,1,1,1,47,-1.717,34.3555,0.0,0.0,,15,24.59,1.0,1.0,47.961,2024-02-11 00:00:00,-52.71476,-64.55404,2024-02-11 14:24:49,2221.0134167160263,2219.4956838831768,0,2221.387066977131,2328.5531858370496,Lucy,0_87_17_47,,,,,2219.5,2328.6
0000_087_15_71_1_1,2,2,0,87,15,1,1,1,71,-1.782,34.3717,0.0,0.0,,15,24.48,1.0,1.0,72.27,2024-02-11 00:00:00,-52.71506,-64.55426,2024-02-11 14:51:55,2225.322602245832,2223.8019247246207,0,2225.5343963965447,2329.9082439437543,Lucy,0_87_15_71,,,,,2223.8,2329.9
0000_087_13_106_1_1,2,2,0,87,13,1,1,1,106,-1.816,34.3834,0.0,0.0,,15,24.19,1.0,1.0,108.595,2024-02-11 00:00:00,-52.7153,-64.55454,2024-02-11 15:19:23,2226.691474898697,2225.169861956316,0,2226.738541412256,2328.2531014824003,Lucy,0_87_13_106,,,,,2225.2,2328.3
0000_087_12_140_1_1,2,2,0,87,12,1,1,1,140,-1.8108,34.3897,0.0,0.0,,15,24.39,1.0,1.0,141.101,2024-02-11 00:00:00,-52.71554,-64.55478,2024-02-11 15:52:15,2227.901394834189,2226.378955091214,0,2227.751142519305,2331.365055312249,Lucy,0_87_12_140,,,,,2226.4,2331.4
0000_087_10_200_1_1,2,2,0,87,10,1,1,1,200,-1.1554,34.4523,0.0,0.0,,15,24.3,1.0,1.0,200.802,2024-02-11 00:00:00,-52.71594,-64.555,2024-02-11 16:35:09,2236.950090448813,2235.4214672661847,0,2236.5406459949154,2334.8638216030035,Lucy,0_87_10_200,,,,,2235.4,2334.9
0000_087_8_500_1_1,2,2,0,87,8,1,1,1,500,0.6964,34.6768,0.0,0.0,,15,24.19,1.0,1.0,504.056,2024-02-11 00:00:00,-52.71716,-64.55528,2024-02-11 17:01:28,2256.984627826312,2255.4423140126687,0,2256.4115004694854,2351.963064618285,Lucy,0_87_8_500,,,,,2255.4,2352.0
0000_087_7_995_1_1,2,2,0,87,7,1,1,1,995,0.4358,34.6818,0.0,0.0,,15,24.26,1.0,1.0,1008.018,2024-02-11 00:00:00,-52.71926,-64.55562,2024-02-11 17:28:23,2258.7854022740403,2257.241857898491,0,2258.048046465604,2355.933699956015,Lucy,0_87_7_995,,,,,2257.2,2355.9
0000_087_6_1497_1_1,2,2,0,87,6,1,1,1,1497,0.1876,34.6724,0.0,0.0,,15,24.14,1.0,1.0,1516.996,2024-02-11 00:00:00,-52.72118,-64.556,2024-02-11 17:56:46,2258.531498425621,2256.988127555646,0,2257.621575713387,2356.580669685621,Lucy,0_87_6_1497,,,,,2257.0,2356.6
0000_087_5_2000_1_1,2,2,0,87,5,1,1,1,2000,-0.0798,34.6597,0.0,0.0,,15,24.29,1.0,1.0,2029.217,2024-02-11 00:00:00,-52.72212,-64.5562,2024-02-11 18:23:56,2257.5335306484544,2255.9908417412485,0,2256.4588586730483,2355.517939301231,Lucy,0_87_5_2000,2255.5853634438067,0.44256891060124065,2354.977292055953,0.5094888528201879,2255.6,2355.0
0000_087_4_2300_1_1,2,2,0,87,4,1,1,1,2300,-0.4871,34.6351,0.0,0.0,,15,24.71,1.0,1.0,2336.28,2024-02-11 00:00:00,-52.72246,-64.5561,2024-02-11 20:50:52,2253.1336676087394,2251.5939853545083,0,2251.170013339138,2346.948143410832,Lucy,0_87_4_2300,,,,,2251.6,2346.9
0000_087_3_2452_1_1,2,2,0,87,3,1,1,1,2452,-0.8036,34.6141,0.0,0.0,,15,24.59,1.0,1.0,2490.646,2024-02-11 00:00:00,-52.72282,-64.55596,2024-02-11 21:22:41,2248.953345764685,2247.416520139624,0,2246.800833335756,2344.309889963747,Lucy,0_87_3_2452,2248.745568559158,2.2950591432591856,2344.998698909982,0.6178868588898634,2248.7,2345.0
0000_087_1_2492_1_1,2,2,0,87,1,1,1,1,2492,-0.9224,34.6078,0.0,0.0,,15,24.48,1.0,1.0,2532.248,2024-02-11 00:00:00,-52.72304,-64.55588,2024-02-11 23:00:40,2248.6788804191,2247.142242350343,0,2245.934078446754,2343.9897778187387,Lucy,0_87_1_2492,2246.113756709113,0.9467012932376941,2344.2045836353873,0.33135071263723465,2246.1,2344.2
0000_093_5_1500_1_1,2,2,0,93,5,1,1,1,1500,0.1765,34.6704,0.0,0.0,,16,24.29,1.0,1.0,1520.302,2024-02-12 00:00:00,-53.69468,-64.63124,2024-02-12 22:53:33,2254.545244199988,2256.6567923490984,0,,2356.7809973993085,Lucy,0_93_5_1500,,,,,2256.7,2356.8
0000_093_3_1850_1_1,2,2,0,93,3,1,1,1,1850,-1.0848,34.5946,0.0,0.0,,16,23.85,1.0,1.0,1873.451,2024-02-12 00:00:00,-53.69646,-64.63024,2024-02-12 21:25:07,2238.8648206325806,2240.9616829068127,0,,2345.7597453890844,Lucy,0_93_3_1850,2240.918184027123,0.9690369723571295,2346.3354970487085,0.5027984218597281,2240.9,2346.3
0000_101_24_2_1_1,2,2,0,101,24,1,1,1,2,-1.7101,33.4074,0.0,0.0,,17,25.09,1.0,1.0,2.282,2024-02-13 00:00:00,-54.00032,-64.55424,2024-02-13 11:22:51,2152.604853623872,2151.96179291249,0,,2274.069922524793,Lucy,0_101_24_2,,,,,2152.0,2274.1
0000_101_21_11_1_1,2,2,0,101,21,1,1,1,11,-1.7084,33.4094,0.0,0.0,,17,24.54,1.0,1.0,11.311,2024-02-13 00:00:00,-53.99862,-64.55408,2024-02-13 18:28:02,2155.9443615322475,2155.3003031894027,0,,2265.989741726287,Lucy,0_101_21_11,,,,,2155.3,2266.0
0000_101_18_30_1_1,2,2,0,101,18,1,1,1,30,-1.6774,33.5415,0.0,0.0,,17,24.03,1.0,1.0,30.613,2024-02-13 00:00:00,-53.99752,-64.554,2024-02-13 23:30:36,2175.087335579766,2174.437558540112,0,,2287.5907512547183,Lucy,0_101_18_30,,,,,2174.4,2287.6
0000_101_15_45_1_1,2,2,0,101,15,1,1,1,45,-1.617,34.2339,0.0,0.0,,17,24.44,1.0,1.0,45.754,2024-02-13 00:00:00,-53.99694,-64.55392,2024-02-13 18:58:52,2217.4597232627607,2216.79728806259,0,,2326.4866359767234,Lucy,0_101_15_45,,,,,2216.8,2326.5
0000_101_11_200_1_1,2,2,0,101,11,1,1,1,200,-1.8436,34.388,0.0,0.0,,17,24.17,1.0,1.0,198.923,2024-02-13 00:00:00,-53.99474,-64.5537,2024-02-13 23:58:04,2231.27259399314,2230.60603239027,0,,2331.009115920514,Lucy,0_101_11_200,,,,,2230.6,2331.0
0000_101_10_500_1_1,2,2,0,101,10,1,1,1,500,0.4574,34.6391,0.0,0.0,,17,24.48,1.0,1.0,505.335,2024-02-13 00:00:00,-53.99318,-64.55356,2024-02-13 19:27:01,2257.9452749114803,2257.2707452167715,0,,2348.0325908043883,Lucy,0_101_10_500,,,,,2257.3,2348.0
0000_101_8_600_1_1,2,2,0,101,8,1,1,1,600,0.6208,34.6686,0.0,0.0,,17,24.13,1.0,1.0,606.971,2024-02-13 00:00:00,-53.99304,-64.55352,2024-02-14 00:24:45,2261.181101469908,2260.5056051170936,0,,2352.5269547137127,Lucy,0_101_8_600,,,,,2260.5,2352.5
0000_101_7_800_1_1,2,2,0,101,7,1,1,1,800,0.5465,34.6828,0.0,0.0,,17,24.53,1.0,1.0,808.762,2024-02-13 00:00:00,-53.9926,-64.55344,2024-02-13 19:54:21,2262.5211154632657,2261.84521879994,0,,2355.2905464282844,Lucy,0_101_7_800,,,,,2261.8,2355.3
0000_101_6_1000_1_1,2,2,0,101,6,1,1,1,1000,0.35,34.6759,0.0,0.0,,17,24.29,1.0,1.0,1011.173,2024-02-13 00:00:00,-53.99208,-64.55338,2024-02-13 20:20:52,2260.929335396413,2260.253914255206,0,,2356.905034523284,Lucy,0_101_6_1000,2260.2311594434796,0.03218016335219969,2356.7540962483145,0.21345895554317387,2260.2,2356.8
0000_101_5_1300_1_1,2,2,0,101,5,1,1,1,1300,-0.5972,34.6194,0.0,0.0,,17,24.14,1.0,1.0,1316.603,2024-02-13 00:00:00,-53.99136,-64.5534,2024-02-13 22:56:30,2251.450765005634,2250.7781754552825,0,,2350.92462352854,Lucy,0_101_5_1300,,,,,2250.8,2350.9
0000_101_3_1400_1_1,2,2,0,101,3,1,1,1,1400,-1.2681,34.5888,0.0,0.0,,17,24.14,1.0,1.0,1418.406,2024-02-13 00:00:00,-53.99048,-64.55362,2024-02-13 21:15:13,2244.7701092001093,2244.099515402609,0,,2344.589456973805,Lucy,0_101_3_1400,,,,,2244.1,2344.6
0000_101_1_1445_1_1,2,2,0,101,1,1,1,1,1445,-1.286,34.5888,0.0,0.0,,17,24.12,1.0,1.0,1463.677,2024-02-13 00:00:00,-53.98972,-64.5539,2024-02-13 22:00:42,2244.700139747723,2244.029566852622,0,,2345.7901807078147,Lucy,0_101_1_1445,2244.2566449722576,0.32113695650703633,2344.284256426911,2.1296985419611825,2244.3,2344.3
0000_108_24_2_1_1,2,2,0,108,24,1,1,1,2,-1.4552,33.5109,0.0,0.0,,18,24.58,1.0,1.0,1.816,2024-02-14 00:00:00,-54.26508,-64.56256,2024-02-14 10:37:10,2150.261028575429,2151.791524954633,0,,2272.196310159537,Lucy,0_108_24_2,,,,,2151.8,2272.2
0000_108_22_5_1_1,2,2,0,108,22,1,1,1,5,-1.4562,33.507,0.0,0.0,,18,24.79,1.0,1.0,5.729,2024-02-14 00:00:00,-54.26524,-64.56306,2024-02-14 11:24:51,2152.1543518055933,2153.686195799952,0,,2275.688279943869,Lucy,0_108_22_5,,,,,2153.7,2275.7
0000_108_21_9_1_1,2,2,0,108,21,1,1,1,9,-1.4539,33.515,0.0,0.0,,18,24.76,1.0,1.0,9.731,2024-02-14 00:00:00,-54.26528,-64.56322,2024-02-14 11:51:39,2153.438775358541,2154.971533570091,0,,2273.23125794162,Lucy,0_108_21_9,,,,,2155.0,2273.2
0000_108_19_15_1_1,2,2,0,108,19,1,1,1,15,-1.4526,33.5234,0.0,0.0,,18,24.64,1.0,1.0,15.683,2024-02-14 00:00:00,-54.26526,-64.5635,2024-02-14 12:21:10,2151.48353137428,2153.014897897194,0,,2275.364242395762,Lucy,0_108_19_15,,,,,2153.0,2275.4
0000_108_18_23_1_1,2,2,0,108,18,1,1,1,23,-1.452,33.5216,0.0,0.0,,18,24.68,1.0,1.0,23.773,2024-02-14 00:00:00,-54.26536,-64.5638,2024-02-14 12:47:59,2152.6823537309247,2154.214573542463,0,,2275.277592467899,Lucy,0_108_18_23,,,,,2154.2,2275.3
0000_108_15_36_1_1,2,2,0,108,15,1,1,1,36,-1.4494,33.5652,0.0,0.0,,18,24.64,1.0,1.0,33.148,2024-02-14 00:00:00,-54.26552,-64.56412,2024-02-14 13:15:13,2166.1178373902667,2167.659620207793,0,,2282.2236137459145,Lucy,0_108_15_36,,,,,2167.7,2282.2
0000_108_14_53_1_1,2,2,0,108,14,1,1,1,53,-1.5261,34.1172,0.0,0.0,,18,24.79,1.0,1.0,54.147,2024-02-14 00:00:00,-54.26602,-64.5647,2024-02-14 13:43:00,2206.013769534051,2207.583949173581,0,,2318.229613980879,Lucy,0_108_14_53,,,,,2207.6,2318.2
0000_108_13_120_1_1,2,2,0,108,13,1,1,1,120,-1.8182,34.3779,0.0,0.0,,18,24.72,1.0,1.0,121.846,2024-02-14 00:00:00,-54.26622,-64.565,2024-02-14 14:16:04,2225.783162958768,2227.367413906226,0,,2327.644559934632,Lucy,0_108_13_120,,,,,2227.4,2327.6
0000_108_11_180_1_1,2,2,0,108,11,1,1,1,180,-1.8378,34.3846,0.0,0.0,,18,24.83,1.0,1.0,181.347,2024-02-14 00:00:00,-54.26644,-64.56544,2024-02-14 14:42:31,2226.5415705291703,2228.126361290179,0,,2325.186397835585,Lucy,0_108_11_180,,,,,2228.1,2325.2
0000_108_10_200_1_1,2,2,0,108,10,1,1,1,200,-1.8278,34.3868,0.0,0.0,,18,24.79,1.0,1.0,201.831,2024-02-14 00:00:00,-54.26666,-64.5657,2024-02-14 15:09:41,2224.4395351702365,2226.022829760565,0,,2326.7324427675994,Lucy,0_108_10_200,,,,,2226.0,2326.7
0000_108_9_350_1_1,2,2,0,108,9,1,1,1,350,-1.5094,34.4284,0.0,0.0,,18,24.67,1.0,1.0,354.115,2024-02-14 00:00:00,-54.26686,-64.56614,2024-02-14 15:52:33,2228.6737880122787,2230.260096426769,0,,2331.56068448618,Lucy,0_108_9_350,,,,,2230.3,2331.6
0000_108_8_460_1_1,2,2,0,108,8,1,1,1,460,-0.8228,34.5069,0.0,0.0,,18,24.74,1.0,1.0,469.238,2024-02-14 00:00:00,-54.2666,-64.56676,2024-02-14 17:23:01,2239.954822036613,2241.549159979378,0,,2336.6221059640397,Lucy,0_108_8_460,,,,,2241.5,2336.6
0000_108_7_640_1_1,2,2,0,108,7,1,1,1,640,-1.2534,34.5314,0.0,0.0,,18,24.77,1.0,1.0,646.782,2024-02-14 00:00:00,-54.26662,-64.56704,2024-02-14 17:50:40,2237.8079488667013,2239.400758724472,0,,2338.265815045085,Lucy,0_108_7_640,,,,,2239.4,2338.3
0000_108_5_700_1_1,2,2,0,108,5,1,1,1,700,-0.5425,34.6055,0.0,0.0,,18,24.89,1.0,1.0,706.848,2024-02-14 00:00:00,-54.26708,-64.56748,2024-02-14 18:17:26,2247.323309442532,2248.9228920710093,0,,2343.4011721450324,Lucy,0_108_5_700,2249.0973017572287,1.1758707271380313,2343.500938944151,0.40606591364903555,2249.1,2343.5
0000_108_4_850_1_1,2,2,0,108,4,1,1,1,850,-0.9473,34.6,0.0,0.0,,18,24.52,1.0,1.0,860.349,2024-02-14 00:00:00,-54.26778,-64.56816,2024-02-14 19:45:47,2245.90258065872,2247.5011520517114,0,,2343.199899014884,Lucy,0_108_4_850,,,,,2247.5,2343.2
0000_108_3_910_1_1,2,2,0,108,3,1,1,1,910,-1.1008,34.5953,0.0,0.0,,18,24.78,1.0,1.0,902.748,2024-02-14 00:00:00,-54.26814,-64.56848,2024-02-14 20:13:05,2242.4374938921696,2244.0335989321547,0,,2342.4500901923952,Lucy,0_108_3_910,2244.069196502187,1.080044541949104,2343.406159251501,1.5786177589938746,2244.1,2343.4
0000_108_1_960_1_1,2,2,0,108,1,1,1,1,960,-1.1039,34.595,0.0,0.0,,18,24.71,1.0,1.0,942.945,2024-02-14 00:00:00,-54.26868,-64.56892,2024-02-14 22:07:57,2245.037374513156,2246.635330076322,0,,2344.7538357619405,Lucy,0_108_1_960,2245.6060778964784,0.8913627147032805,2342.7709773849547,2.682307930392035,2245.6,2342.8
0000_114_23_2_1_1,2,2,0,114,23,1,1,1,2,-1.5229,33.4917,0.0,0.0,,19,24.89,1.0,1.0,1.86,2024-02-15 00:00:00,-54.40004,-64.57228,2024-02-15 11:37:10,2152.111004076427,2151.856490851395,0,,2271.472476975633,Lucy,0_114_23_2,,,,,2151.9,2271.5
0000_114_21_8_1_1,2,2,0,114,21,1,1,1,8,-1.5142,33.4882,0.0,0.0,,19,24.74,1.0,1.0,8.861,2024-02-15 00:00:00,-54.40078,-64.57258,2024-02-15 12:08:01,2154.4024463149785,2154.1476620991134,0,,2272.7297001482207,Lucy,0_114_21_8,,,,,2154.1,2272.7
0000_114_20_15_1_1,2,2,0,114,20,1,1,1,15,-1.5011,33.5406,0.0,0.0,,19,24.74,1.0,1.0,14.872,2024-02-15 00:00:00,-54.40108,-64.57266,2024-02-15 12:49:36,2157.025748527833,2156.7706540746685,0,,2275.237587193085,Lucy,0_114_20_15,,,,,2156.8,2275.2
0000_114_18_25_1_1,2,2,0,114,18,1,1,1,25,-1.4955,33.7436,0.0,0.0,,19,24.86,1.0,1.0,25.87,2024-02-15 00:00:00,-54.4016,-64.57278,2024-02-15 13:16:37,2176.8282183285687,2176.570781993204,0,,2290.619047454358,Lucy,0_114_18_25,,,,,2176.6,2290.6
0000_114_17_39_1_1,2,2,0,114,17,1,1,1,39,-1.5484,34.0594,0.0,0.0,,19,24.52,1.0,1.0,40.122,2024-02-15 00:00:00,-54.40192,-64.57288,2024-02-15 13:58:01,2202.5577744365123,2202.297295269114,0,,2311.811421974968,Lucy,0_114_17_39,,,,,2202.3,2311.8
0000_114_14_59_1_1,2,2,0,114,14,1,1,1,59,-1.6045,34.2714,0.0,0.0,,19,24.57,1.0,1.0,60.237,2024-02-15 00:00:00,-54.4025,-64.57302,2024-02-15 14:29:43,2213.350923958205,2213.089168369985,0,,2322.8329870709945,Lucy,0_114_14_59,,,,,2213.1,2322.8
0000_114_13_70_1_1,2,2,0,114,13,1,1,1,70,-1.6264,34.3138,0.0,0.0,,19,24.65,1.0,1.0,70.326,2024-02-15 00:00:00,-54.40286,-64.57312,2024-02-15 14:56:47,2221.7711299560065,2221.5083785763163,0,,2323.6209405587465,Lucy,0_114_13_70,,,,,2221.5,2323.6
0000_114_12_88_2_1,2,2,0,114,12,2,1,1,88,-1.6568,34.3529,0.0,0.0,,19,24.69,1.0,1.0,89.507,2024-02-15 00:00:00,-54.4034,-64.57332,2024-02-15 15:36:56,2224.404223058308,2224.141160283426,0,,2324.850197381261,Lucy,0_114_12_88,,,,,2224.1,2324.9
0000_114_11_120_1_1,2,2,0,114,11,1,1,1,120,-1.6872,34.3906,0.0,0.0,,19,24.64,1.0,1.0,120.891,2024-02-15 00:00:00,-54.4035,-64.5734,2024-02-15 16:19:38,2225.1478956294354,2224.8847449062537,0,,2328.391524775745,Lucy,0_114_11_120,,,,,2224.9,2328.4
0000_114_9_230_1_1,2,2,0,114,9,1,1,1,230,-1.6824,34.4346,0.0,0.0,,19,24.74,1.0,1.0,232.124,2024-02-15 00:00:00,-54.40314,-64.57332,2024-02-15 17:16:14,2234.0515838018955,2233.787380109612,0,,2330.17695120328,Lucy,0_114_9_230,,,,,2233.8,2330.2
0000_114_8_350_1_1,2,2,0,114,8,1,1,1,350,-1.5172,34.5026,0.0,0.0,,19,24.58,1.0,1.0,352.706,2024-02-15 00:00:00,-54.40334,-64.57348,2024-02-15 17:44:56,2241.6905966246013,2241.4254895264125,0,,2334.2330954950885,Lucy,0_114_8_350,,,,,2241.4,2334.2
0000_114_7_440_1_1,2,2,0,114,7,1,1,1,440,-1.4971,34.521,0.0,0.0,,19,24.58,1.0,1.0,444.521,2024-02-15 00:00:00,-54.40352,-64.57362,2024-02-15 18:11:31,2243.591668744642,2243.32633682162,0,,2335.921381089332,Lucy,0_114_7_440,,,,,2243.3,2335.9
0000_114_5_470_1_1,2,2,0,114,5,1,1,1,470,-1.484,34.5229,0.0,0.0,,19,24.39,1.0,1.0,475.042,2024-02-15 00:00:00,-54.40346,-64.57362,2024-02-15 19:54:30,2241.080514122309,2240.8154791737747,0,,2338.4510923465377,Lucy,0_114_5_470,2241.4545392950167,0.654048298605534,2337.943845205742,0.7541797126576488,2241.5,2337.9
0000_114_3_500_1_1,2,2,0,114,3,1,1,1,500,-1.4615,34.5258,0.0,0.0,,19,24.39,1.0,1.0,505.3,2024-02-15 00:00:00,-54.40334,-64.57362,2024-02-15 21:20:13,2244.5772449563533,2244.311796476993,0,,2339.0690583113937,Lucy,0_114_3_500,2242.341739119766,3.347390822180596,2339.1925576400545,0.5027724042984947,2242.3,2339.2
0000_114_1_550_1_1,2,2,0,114,1,1,1,1,550,-1.4619,34.5256,0.0,0.0,,19,24.49,1.0,1.0,548.67,2024-02-15 00:00:00,-54.40354,-64.57374,2024-02-15 22:54:10,2242.91812346386,2242.652871195736,0,,2338.561706712656,Lucy,0_114_1_550,2241.843264520146,1.513396041651813,2337.6303182015827,0.8076373591415456,2241.8,2337.6
0000_120_24_2_1_1,2,2,0,120,24,1,1,1,2,-1.4542,33.5379,0.0,0.0,,20,24.58,1.0,1.0,1.908,2024-02-16 00:00:00,-55.07304,-64.59142,2024-02-16 10:40:32,2156.431935267204,2157.42790998022,0,,2272.6757254330373,Lucy,0_120_24_2,,,,,2157.4,2272.7
0000_120_22_5_1_1,2,2,0,120,22,1,1,1,5,-1.4523,33.5375,0.0,0.0,,20,24.44,1.0,1.0,5.642,2024-02-16 00:00:00,-55.0725,-64.59118,2024-02-16 11:26:50,2157.78729835009,2158.783899054279,0,,2273.3796544389106,Lucy,0_120_22_5,,,,,2158.8,2273.4
0000_120_21_8_1_1,2,2,0,120,21,1,1,1,8,-1.4538,33.5374,0.0,0.0,,20,24.47,1.0,1.0,8.787,2024-02-16 00:00:00,-55.07238,-64.59114,2024-02-16 11:54:47,2157.0012550880274,2157.997492748432,0,,2274.0410377194667,Lucy,0_120_21_8,,,,,2158.0,2274.0
0000_120_19_15_1_1,2,2,0,120,19,1,1,1,15,-1.4458,33.5462,0.0,0.0,,20,24.39,1.0,1.0,15.718,2024-02-16 00:00:00,-55.07206,-64.591,2024-02-16 12:25:29,2154.9437698165866,2155.939057202015,0,,2275.060090691964,Lucy,0_120_19_15,,,,,2155.9,2275.1
0000_120_18_23_1_1,2,2,0,120,18,1,1,1,23,-1.4445,33.5682,0.0,0.0,,20,24.42,1.0,1.0,23.77,2024-02-16 00:00:00,-55.07184,-64.5909,2024-02-16 12:51:59,2161.7040415964498,2162.7024512968646,0,,2276.637967506166,Lucy,0_120_18_23,,,,,2162.7,2276.6
0000_120_15_35_1_1,2,2,0,120,15,1,1,1,35,-1.4252,33.6607,0.0,0.0,,20,24.37,1.0,1.0,36.013,2024-02-16 00:00:00,-55.07144,-64.59072,2024-02-16 13:23:38,2168.9200525712968,2169.9217950754705,0,,2287.078013843093,Lucy,0_120_15_35,,,,,2169.9,2287.1
0000_120_14_52_1_1,2,2,0,120,14,1,1,1,52,-1.4135,34.1749,0.0,0.0,,20,24.37,1.0,1.0,53.122,2024-02-16 00:00:00,-55.07118,-64.59058,2024-02-16 13:55:21,2209.8669352980783,2210.8875896255763,0,,2316.672200837741,Lucy,0_120_14_52,,,,,2210.9,2316.7
0000_120_13_85_1_1,2,2,0,120,13,1,1,1,85,-1.4851,34.3462,0.0,0.0,,20,24.29,1.0,1.0,86.525,2024-02-16 00:00:00,-55.07078,-64.59038,2024-02-16 14:31:20,2228.179167104269,2229.2082791621133,0,,2328.883926467164,Lucy,0_120_13_85,,,,,2229.2,2328.9
0000_120_12_190_1_1,2,2,0,120,12,1,1,1,190,-1.6492,34.4489,0.0,0.0,,20,24.14,1.0,1.0,192.773,2024-02-16 00:00:00,-55.07006,-64.59004,2024-02-16 14:57:49,2233.1506297905635,2234.182037979828,0,,2330.245945465063,Lucy,0_120_12_190,,,,,2234.2,2330.2
0000_120_11_200_1_1,2,2,0,120,11,1,1,1,200,-1.66,34.4548,0.0,0.0,,20,24.05,1.0,1.0,203.018,2024-02-16 00:00:00,-55.0698,-64.58992,2024-02-16 15:56:10,2237.562783229674,2238.5962292264776,0,,2332.9081202240145,Lucy,0_120_11_200,,,,,2238.6,2332.9
0000_120_9_210_1_1,2,2,0,120,9,1,1,1,210,-1.66,34.4593,0.0,0.0,,20,23.9,1.0,1.0,212.03,2024-02-16 00:00:00,-55.06934,-64.58972,2024-02-16 16:51:27,2237.015156305247,2238.048349373795,0,,2333.776420680648,Lucy,0_120_9_210,,,,,2238.0,2333.8
0000_120_8_220_1_1,2,2,0,120,8,1,1,1,220,-1.6042,34.4716,0.0,0.0,,20,24.29,1.0,1.0,222.106,2024-02-16 00:00:00,-55.06902,-64.58956,2024-02-16 18:21:48,2235.4459372688098,2236.478405574171,0,,2334.301224585497,Lucy,0_120_8_220,,,,,2236.5,2334.3
0000_120_6_300_1_1,2,2,0,120,6,1,1,1,300,-1.585,34.4889,0.0,0.0,,20,24.66,1.0,1.0,303.24,2024-02-16 00:00:00,-55.06828,-64.58924,2024-02-16 18:49:16,2237.001254762633,2238.034441410581,0,,2332.523106382304,Lucy,0_120_6_300,,,,,2238.0,2332.5
0000_120_4_370_1_1,2,2,0,120,4,1,1,1,370,-1.5828,34.489,0.0,0.0,,20,24.44,1.0,1.0,374.491,2024-02-16 00:00:00,-55.06766,-64.58896,2024-02-16 19:18:27,2232.151823250289,2233.1827701284224,0,,2332.1079914839456,Lucy,0_120_4_370,2236.181660845785,3.8315601601186278,2333.938209916414,1.8419172374900052,2236.2,2333.9
0000_120_3_385_1_1,2,2,0,120,3,1,1,1,385,-1.5821,34.489,0.0,0.0,,20,24.58,1.0,1.0,389.811,2024-02-16 00:00:00,-55.06732,-64.5888,2024-02-16 21:30:15,2238.4704405611724,2239.504305770721,0,,2330.645634662274,Lucy,0_120_3_385,2239.090598476127,0.8500929122921214,2332.273858667318,1.4388399108778314,2239.1,2332.3
0000_120_1_420_1_1,2,2,0,120,1,1,1,1,420,-1.5812,34.489,0.0,0.0,,20,24.55,1.0,1.0,406.864,2024-02-16 00:00:00,-55.06586,-64.58812,2024-02-16 23:02:20,2238.0535102509098,2239.0871828960467,0,,2333.600225497624,Lucy,0_120_1_420,2237.385614838718,2.5918974509795825,2332.796654054411,1.1580651844731988,2237.4,2332.8
1111_009_24_3_1_1,2,2,1111,9,24,1,1,1,3,-1.3428,33.501,0.0,0.0,,4,25.2,1.0,1.0,2.692,2024-01-28 00:00:00,-55.07208,-64.5516,2024-01-28 21:34:33,2155.9884241771533,2152.8995332508466,0,2151.0200783125915,2276.080468286249,Lucy,1111_9_24_3,,,,,2152.9,2276.1
1111_009_22_6_1_1,2,2,1111,9,22,1,1,1,6,-1.3354,33.5027,0.0,0.0,,4,25.67,1.0,1.0,5.967,2024-01-28 00:00:00,-55.07114,-64.55334,2024-01-28 20:26:40,2159.4067974125574,2156.3130089729107,0,2155.1558289509885,2272.705020996758,Lucy,1111_9_22_6,,,,,2156.3,2272.7
1111_009_21_10_1_1,2,2,1111,9,21,1,1,1,10,-1.3271,33.5059,0.0,0.0,,4,25.69,1.0,1.0,10.821,2024-01-28 00:00:00,-55.07108,-64.55446,2024-01-28 19:57:36,2158.3446672944046,2155.252400571688,0,2154.406329915469,2270.664675894453,Lucy,1111_9_21_10,,,,,2155.3,2270.7
1111_009_19_17_1_1,2,2,1111,9,19,1,1,1,17,-1.3146,33.5139,0.0,0.0,,4,25.37,1.0,1.0,17.864,2024-01-28 00:00:00,-55.0713,-64.55524,2024-01-28 19:28:37,2160.283538224748,2157.188493675973,0,2156.651680273009,2273.6603510987825,Lucy,1111_9_19_17,,,,,2157.2,2273.7
1111_009_18_26_1_1,2,2,1111,9,18,1,1,1,26,-1.052,33.7344,0.0,0.0,,4,25.38,1.0,1.0,26.812,2024-01-28 00:00:00,-55.07148,-64.55588,2024-01-28 19:00:19,2169.086700348268,2165.9790434833503,0,2165.7440705622075,2284.8660257560373,Lucy,1111_9_18_26,,,,,2166.0,2284.9
1111_009_15_38_1_1,2,2,1111,9,15,1,1,1,38,-1.1232,34.1102,0.0,0.0,,4,25.28,1.0,1.0,38.105,2024-01-28 00:00:00,-55.07222,-64.55724,2024-01-28 18:31:34,2206.618630009067,2203.457201038662,0,2203.532457943202,2316.539310287156,Lucy,1111_9_15_38,,,,,2203.5,2316.5
1111_009_14_60_1_1,2,2,1111,9,14,1,1,1,60,-1.3819,34.3385,0.0,0.0,,4,25.43,1.0,1.0,60.373,2024-01-28 00:00:00,-55.07136,-64.55816,2024-01-28 18:00:17,2225.972900092436,2222.7837422026287,0,2223.2047516014386,2326.4886072454137,Lucy,1111_9_14_60,,,,,2222.8,2326.5
1111_009_13_200_1_1,2,2,1111,9,13,1,1,1,200,-1.58,34.4444,0.0,0.0,,4,25.32,1.0,1.0,202.076,2024-01-28 00:00:00,-55.0708,-64.5592,2024-01-28 17:30:53,2237.9164919751483,2234.710222466289,0,2235.4596461708284,2331.495508023148,Lucy,1111_9_13_200,,,,,2234.7,2331.5
1111_009_10_250_1_1,2,2,1111,9,10,1,1,1,250,-1.6248,34.4526,0.0,0.0,,4,25.18,1.0,1.0,252.845,2024-01-28 00:00:00,-55.07086,-64.55998,2024-01-28 22:04:32,2236.2946827435003,2233.0907368054745,0,2230.809693708848,2334.4178963050385,Lucy,1111_9_10_250,2236.1791781816814,2.8903277862720564,2333.150285954826,1.1001671193936045,2236.2,2333.2
1111_009_12_250_1_1,2,2,1111,9,12,1,1,1,250,-1.617,34.4522,0.0,0.0,,4,24.81,1.0,1.0,252.844,2024-01-28 00:00:00,-55.07088,-64.55966,2024-01-28 23:33:33,2242.285431694112,2239.072902792528,0,2235.799268837849,2333.8076276297056,Lucy,1111_9_12_250,,,,,2239.1,2333.8
1111_009_9_300_1_1,2,2,1111,9,9,1,1,1,300,-1.6942,34.4574,0.0,0.0,,4,25.31,1.0,1.0,304.598,2024-01-28 00:00:00,-55.0706,-64.56052,2024-01-28 17:01:51,2237.7774387037166,2234.571368416888,0,2235.642906621035,2335.377570577399,Lucy,1111_9_9_300,,,,,2234.6,2335.4
1111_0009_5_350_1_1,2,2,1111,9,5,1,1,1,350,-1.6812,34.4756,0.0,0.0,,4,24.9,1.0,1.0,355.512,2024-01-28 00:00:00,-55.06944,-64.56168,2024-01-28 15:18:45,2234.230114520321,2231.029126495233,0,2233.2419253327766,2337.675998372072,Lucy,1111_9_5_350,2233.1626358307635,2.310083287414781,2337.0453229798964,0.7314377066804247,2233.2,2337.0
1111_0009_4_382_1_1,2,2,1111,9,4,1,1,1,382,-1.6758,34.4771,0.0,0.0,,4,24.94,1.0,1.0,387.74,2024-01-28 00:00:00,-55.06862,-64.56222,2024-01-28 13:18:07,2232.4463701882264,2229.247937738864,0,2232.796720508832,2337.949360329036,Lucy,1111_9_4_382,,,,,2229.2,2337.9
1111_0009_2_414_1_1,2,2,1111,9,2,1,1,1,414,-1.6736,34.4771,0.0,0.0,,4,24.79,1.0,1.0,419.14,2024-01-28 00:00:00,-55.06814,-64.56326,2024-01-28 13:46:24,2236.863670985025,2233.658909855881,0,2236.9003046971243,2338.5067356746445,Lucy,1111_9_2_414,2233.7784357392593,1.088354821204293,2337.996319263602,1.5394367736922,2233.8,2338.0
2222_202402060804_1_7_1_1,2,2,2222,202402060804,1,1,1,1,7,-0.787659,33.4759,0.0,0.0,,13,24.53,1.0,1.0,,2024-02-06 08:04:00,-52.09771,-63.68577,2024-02-10 03:49:36,2158.9677593128995,2157.574811185511,0,2155.5135862574425,2270.5117118069547,Lucy,2222_202402060804_1_7,2156.327909590652,1.7633851463943564,2270.4087795695923,0.14556816608288436,2156.3,2270.4
2222_202402071117_1_7_1_1,2,2,2222,202402071117,1,1,1,1,7,-1.22525,33.4823,0.0,0.0,,13,24.58,1.0,1.0,,2024-02-07 11:17:26,-47.97168,-64.13384,2024-02-10 04:47:43,2166.9700639278217,2165.571952779736,0,2163.1697228074786,2270.445439112716,Lucy,2222_202402071117_1_7,2166.408574722197,1.1831620976068988,2270.317650409608,0.18072051705271297,2166.4,2270.3
2222_202402100013_1_7_1_1,2,2,2222,202402100013,1,1,1,1,7,-1.375763,33.3358,0.0,0.0,,13,24.66,1.0,1.0,,2024-02-10 00:13:00,-50.58167,-64.46319,2024-02-10 02:47:55,2162.6489490737376,2161.2536258731875,0,2159.5421169636948,2258.684390987402,Lucy,2222_202402100013_1_7,2159.318237656007,2.7370522651940736,2259.0568789133818,0.5267774767409151,2159.3,2259.1
2222_202402111236_1_7_1_1,2,2,2222,202402111236,1,1,1,1,7,-1.32132,33.3449,0.0,0.0,,16,24.3,1.0,1.0,,2024-02-11 12:36:00,-52.71756,-64.57581,2024-02-12 12:24:55,2148.5858659329,2150.598175297765,0,,2261.44343024484,Lucy,2222_202402111236_1_7,2151.46053535211,1.2195612845036645,2260.991757781834,0.6387613229336131,2151.5,2261.0
2222_202402111735_1_7_1_1,2,2,2222,202402111735,1,1,1,1,7,-1.178345,33.4016,0.0,0.0,,16,24.3,1.0,1.0,,2024-02-11 17:35:00,-52.92228,-64.56491,2024-02-12 13:19:23,2153.2667133113023,2155.283406635479,0,,2264.760181353512,Lucy,2222_202402111735_1_7,2154.0629552191713,1.7259789451602792,2264.452992536166,0.434430591699827,2154.1,2264.5
2222_202402112137_1_7_1_1,2,2,2222,202402112137,1,1,1,1,7,-1.252106,33.2564,0.0,0.0,,16,24.3,1.0,1.0,,2024-02-11 21:37:00,-53.17177,-64.5546,2024-02-12 14:14:48,2147.848878321603,2149.8604974431337,0,,2257.980025060317,Lucy,2222_202402112137_1_7,2148.6645062578236,1.6913869547446276,2258.136609637296,0.2214440324212918,2148.7,2258.1
2222_202402120340_1_7_1_1,2,2,2222,202402120340,1,1,1,1,7,-1.297821,33.2291,0.0,0.0,,16,24.3,1.0,1.0,,2024-02-12 03:40:00,-53.59528,-64.5846,2024-02-12 17:12:24,2143.0733881624683,2145.080534684732,0,,2254.0875639620376,Lucy,2222_202402120340_1_7,2145.197223852819,0.1650234040911005,2254.009078563148,0.11099511555825257,2145.2,2254.0
2222_202402121309_1_7_1_1,2,2,2222,202402121309,1,1,1,1,7,-1.367523,33.1967,0.0,0.0,,16,24.26,1.0,1.0,,2024-02-12 13:09:35,-53.58007,-64.54686,2024-02-12 18:39:42,2139.983889146168,2141.988142124402,0,,2253.941777134449,Lucy,2222_202402121309_1_7,2142.271440571731,0.4006445064117546,2253.3729678803015,0.8044177616183716,2142.3,2253.4
2222_202402171247_1_7_1_1,2,2,2222,202402171247,1,1,1,1,7,-1.123169,33.2445,0.0,0.0,,21,23.69,1.0,1.0,,2024-02-17 12:47:00,-55.71471,-65.89623,2024-02-21 15:47:59,2144.688795377728,2141.627906692205,0,,2259.568787150967,Lucy,2222_202402171247_1_7,2143.3748997195244,2.4706212326059718,2258.4694906497007,1.554640021160388,2143.4,2258.5
2222_202402171437_1_7_1_1,2,2,2222,202402171437,1,1,1,1,7,-0.993835,33.2749,0.0,0.0,,21,23.69,1.0,1.0,,2024-02-17 14:37:22,-55.70863,-65.92751,2024-02-21 14:31:32,2142.6795030899143,2139.6214820558857,0,,2260.3105893798875,Lucy,2222_202402171437_1_7,2139.0299590563973,0.8365398483321952,2257.7969492342786,3.554823984845532,2139.0,2257.8
2222_202402172123_1_7_1_1,2,2,2222,202402172123,1,1,1,1,7,-1.267944,33.5469,0.0,0.0,,21,24.26,1.0,1.0,,2024-02-17 21:23:00,-55.51564,-66.17133,2024-02-21 13:38:12,2159.3072629213425,2156.2255108350314,0,,2275.5913781723607,Lucy,2222_202402172123_1_7,2158.8683790818186,3.737580118171183,2272.355348107867,4.576437605453535,2158.9,2272.4
2222_202402201446_1_7_1_1,2,2,2222,202402201446,1,1,1,1,7,0.199341,34.0464,0.0,0.0,,21,24.69,1.0,1.0,,2024-02-20 14:46:00,-56.67623,-63.67796,2024-02-21 12:45:08,2198.1427597303737,2195.005581825157,0,,2312.4483772668777,Lucy,2222_202402201446_1_7,2193.372466555912,2.309573762684983,2311.0384184775376,1.993982842272515,2193.4,2311.0
2222_20240131190850_28_7_1_1,2,2,2222,20240131190850,28,1,1,1,7,-0.484619,32.8771,0.0,0.0,,8,24.61,1.0,1.0,,2024-01-31 19:08:50,-59.98882,-66.13941,2024-02-01 22:18:37,1981.407128339326,1981.951575984673,0,,2253.0613624523235,Lucy,2222_20240131190850_28_7,,,,,1982.0,2253.1
2222_20240131190850_46_7_1_1,2,2,2222,20240131190850,46,1,1,1,7,-0.484619,32.8771,0.0,0.0,,8,24.21,1.0,1.0,,2024-01-31 19:08:50,-59.98882,-66.13941,2024-02-02 01:12:05,1985.9067008673128,1986.452384897466,0,,2252.760311588885,Lucy,2222_20240131190850_46_7,,,,,1986.5,2252.8
2222_20240201192130_43_7_1_1,2,2,2222,20240201192130,43,1,1,1,7,-0.721008,32.9025,0.0,0.0,,8,24.63,1.0,1.0,,2024-02-01 19:21:30,-60.32503,-66.38632,2024-02-01 22:47:41,2009.1580533127485,2009.7101263095649,0,,2248.1611334635845,Lucy,2222_20240201192130_43_7,,,,,2009.7,2248.2
2222_20240201192130_32_7_1_1,2,2,2222,20240201192130,32,1,1,1,7,-0.721008,32.9025,0.0,0.0,,8,24.48,1.0,1.0,,2024-02-01 19:21:30,-60.32503,-66.38632,2024-02-01 23:21:42,2004.238284622676,2004.789005773908,0,,2249.086691150469,Lucy,2222_20240201192130_32_7,,,,,2004.8,2249.1
3333_202402021659_1_7_1_1,2,2,3333,202402021659,1,1,1,1,7,-0.509247,32.6739,0.0,0.0,,10,24.41,1.0,1.0,,2024-02-02 16:59:00,-60.33257,-66.06733,2024-02-03 22:03:28,1962.632789477148,1966.092798642444,0,1963.69450380525,2237.7993443014607,Lucy,3333_202402021659_1_7,1967.3088867137099,1.7198082434245567,2237.57205792082,0.32143148204467953,1967.3,2237.6
3333_202402030541_1_7_1_1,2,2,3333,202402030541,1,1,1,1,7,-0.714874,32.512,0.0,0.0,,10,24.88,1.0,1.0,,2024-02-03 05:41:00,-59.29295,-65.62668,2024-02-03 21:00:50,2005.357063037672,2008.8923926495088,0,2006.9333957063843,2219.2873364249194,Lucy,3333_202402030541_1_7,2007.2641004085867,2.302752970618622,2218.948629183232,0.4790043748686473,2007.3,2218.9
3333_202402032231_1_7_1_1,2,2,3333,202402032231,1,1,1,1,7,0.826904,32.4184,0.0,0.0,,11,24.26,1.0,1.0,,2024-02-03 22:31:00,-58.76216,-65.0537,2024-02-04 06:05:55,2022.2081737138624,2020.8005708603096,0,,2219.668175197649,Lucy,3333_202402032231_1_7,2019.2796442982988,2.1509149713691573,2219.445556945987,0.3148297507326273,2019.3,2219.4
3333_202402040422_1_7_1_1,2,2,3333,202402040422,1,1,1,1,7,0.476135,33.4174,0.0,0.0,,11,24.28,1.0,1.0,,2024-02-04 04:22:00,-58.26258,-64.58655,2024-02-04 07:16:27,2106.7735679849698,2105.307101513004,0,,2278.988671442312,Lucy,3333_202402040422_1_7,2106.133665947308,1.1689386331686504,2278.137702734939,1.2034514871218362,2106.1,2278.1
3333_202402041846_1_7_1_1,2,2,3333,202402041846,1,1,1,1,7,0.418335,33.5766,0.0,0.0,,11,24.53,1.0,1.0,,2024-02-04 18:46:00,-58.24141,-64.58916,2024-02-04 23:05:37,2136.79307173294,2135.3057095195327,0,,2288.93994939009,Lucy,3333_202402041846_1_7,2123.3980540182147,16.839967906031,2283.0243217582774,8.365960826858952,2123.4,2283.0
3333_202402060816_1_7_1_1,2,2,3333,202402060816,1,1,1,1,7,-0.77301,33.4764,0.0,0.0,,12,24.29,1.0,1.0,,2024-02-06 08:16:00,-52.09436,-63.68436,2024-02-09 03:27:19,2152.635847356429,2153.1675491915416,0,,2273.6483336449583,Lucy,3333_202402060816_1_7,2153.934657302242,1.0848546939585937,2272.6805389280134,1.3686684142958971,2153.9,2272.7
3333_202402080726_1_7_1_1,2,2,3333,202402080726,1,1,1,1,7,-1.132019,33.4251,0.0,0.0,,12,24.17,1.0,1.0,,2024-02-08 07:26:00,-48.49716,-64.52789,2024-02-09 04:21:58,2158.3995365446794,2158.932662013113,0,,2266.3436006251027,Lucy,3333_202402080726_1_7,2161.1165513266837,3.088485885973698,2266.6515923473244,0.4355660706645558,2161.1,2266.7
3333_202402090243_1_7_1_1,2,2,3333,202402090243,1,1,1,1,7,2.107544,32.2089,0.0,0.0,,12,24.09,1.0,1.0,,2024-02-09 02:43:00,-49.61919,-64.53662,2024-02-09 05:17:38,2156.608747905489,2157.141431048479,0,,2266.020150086693,Lucy,3333_202402090243_1_7,2159.1057316262504,2.7779405176614347,2264.0543858226138,2.7800104826895096,2159.1,2264.1
3333_202402090716_1_7_1_1,2,2,3333,202402090716,1,1,1,1,7,-1.130493,33.3112,0.0,0.0,,14,24.42,1.0,1.0,,2024-02-09 07:16:00,-49.69389,-64.52269,2024-02-11 02:21:35,2149.359150364525,2150.9635062979023,0,,2258.170718994397,Lucy,3333_202402090716_1_7,2149.910109061928,1.489728657680908,2257.7092090578512,0.6526736114326682,2149.9,2257.7
3333_202402100700_1_7_1_1,2,2,3333,202402100700,1,1,1,1,7,-1.387909,33.5123,0.0,0.0,,16,24.29,1.0,1.0,,2024-02-10 07:00:00,-50.91525,-64.50582,2024-02-12 08:41:06,2165.3720646393504,2167.400095519186,0,,2275.0111579227346,Lucy,3333_202402100700_1_7,2168.6057891133037,1.7051082328676797,2274.0550499526043,1.3521408584507038,2168.6,2274.1
3333_202402111249_1_7_1_1,2,2,3333,202402111249,1,1,1,1,7,-1.331726,33.3491,0.0,0.0,,16,24.34,1.0,1.0,,2024-02-11 12:49:00,-52.71803,-64.57366,2024-02-12 10:12:19,2153.2014686406737,2155.218100858397,0,,2263.540080047243,Lucy,3333_202402111249_1_7,2154.9574246887078,0.3686517745616024,2262.2872799725237,1.7717268566100455,2155.0,2262.3
3333_202402120117_1_7_1_1,2,2,3333,202402120117,1,1,1,1,7,-1.303741,33.3406,0.0,0.0,,16,24.34,1.0,1.0,,2024-02-12 01:17:00,-53.39834,-64.57026,2024-02-12 11:30:46,2150.196614113672,2152.210432063181,0,,2262.9214978157,Lucy,3333_202402120117_1_7,2152.3358344444086,0.17734574828589528,2262.209295584496,1.007206054521321,2152.3,2262.2
3333_202402121320_1_7_1_1,2,2,3333,202402121320,1,1,1,1,7,-1.351746,33.199,0.0,0.0,,16,23.92,1.0,1.0,,2024-02-12 13:20:00,-53.57945,-64.54615,2024-02-12 19:58:24,2140.3944991030726,2142.3991366478613,0,,2255.679695371785,Lucy,3333_202402121320_1_7,2144.07585193519,2.371233499578314,2256.492206708881,1.1490645525027365,2144.1,2256.5
3333_202402130816_1_7_1_1,2,2,3333,202402130816,1,1,1,1,7,-1.399414,33.3949,0.0,0.0,,19,24.27,1.0,1.0,,2024-02-13 08:16:00,-53.99692,-64.5539,2024-02-16 00:26:00,2153.30797407245,2153.0533192912,0,,2263.630907192705,Lucy,3333_202402130816_1_7,2155.1097794300777,2.9082738188811397,2264.322359681357,0.9778614871877703,2155.1,2264.3
3333_202402171111_1_7_1_1,2,2,3333,202402171111,1,1,1,1,7,-1.167145,33.44,0.0,0.0,,21,24.73,1.0,1.0,,2024-02-17 11:11:00,-55.06887,-64.56218,2024-02-21 11:34:24,2142.345203156025,2139.287659233122,0,,2261.9146408454035,Lucy,3333_202402171111_1_7,2140.7290055233543,2.038371471721907,2262.4884209304823,0.8114475781381004,2140.7,2262.5
3333_202402190436_1_7_1_1,2,2,3333,202402190436,1,1,1,1,7,-1.383057,33.46,0.0,0.0,,21,23.8,1.0,1.0,,2024-02-19 04:36:00,-55.98803,-66.36644,2024-02-21 10:26:57,2156.896022410912,2153.8177116345064,0,,2268.688190369029,Lucy,3333_202402190436_1_7,2154.236026076179,0.5915859567502106,2268.2307254590396,0.6469530800174764,2154.2,2268.2
3333_20240131194640_40_7_1_1,2,2,3333,20240131194640,40,1,1,1,7,-0.501953,32.7246,0.0,0.0,,8,24.19,1.0,1.0,,2024-01-31 19:46:40,-60.13419,-66.08663,2024-02-01 20:39:09,1970.1527398402704,1970.694095024088,0,,2248.3075965869307,Lucy,3333_20240131194640_40_7,,,,,1970.7,2248.3
3333_20240131194640_12_7_1_1,2,2,3333,20240131194640,12,2,1,1,7,-0.501953,32.7246,0.0,0.0,,8,24.49,1.0,1.0,,2024-01-31 19:46:40,-60.13419,-66.08663,2024-02-01 21:37:49,1970.45746712456,1970.9989060408168,0,,2248.353863712271,Lucy,3333_20240131194640_12_7,,,,,1971.0,2248.4
3333_20240201060200_85_7_1_1,2,2,3333,20240201060200,85,1,1,1,7,-0.722961,33.0606,0.0,0.0,,8,24.39,1.0,1.0,,2024-02-01 06:02:00,-60.48707,-66.05638,2024-02-02 01:44:29,2021.319369112552,2021.8747837748224,0,,2260.604749098596,Lucy,3333_20240201060200_85_7,,,,,2021.9,2260.6
3333_20240201060200_86_7_1_1,2,2,3333,20240201060200,86,1,1,1,7,-0.722961,33.0606,0.0,0.0,,8,24.28,1.0,1.0,,2024-02-01 06:02:00,-60.48707,-66.05638,2024-02-02 02:12:56,2020.6940948994743,2021.249337749972,0,,2259.284278784024,Lucy,3333_20240201060200_86_7,,,,,2021.2,2259.3
3333_20240201193100_38_7_1_1,2,2,3333,20240201193100,38,1,1,1,7,-0.827454,33.0003,0.0,0.0,,8,24.34,1.0,1.0,,2024-02-01 19:31:00,-60.32464,-66.38585,2024-02-02 00:14:50,2015.0593768610745,2015.613071413433,0,,2252.763617689041,Lucy,3333_20240201193100_38_7,,,,,2015.6,2252.8
3333_20240201193100_35_7_1_1,2,2,3333,20240201193100,35,1,1,1,7,-0.827454,33.0003,0.0,0.0,,8,24.44,1.0,1.0,,2024-02-01 19:31:00,-60.32464,-66.38585,2024-02-02 00:43:15,2013.9167997491509,2014.470180346135,0,,2254.50941679616,Lucy,3333_20240201193100_35_7,,,,,2014.5,2254.5
6666_202402011917_2_350_1_1,2,2,6666,202402011917,2,1,1,1,350,0.0,34.68,0.0,0.0,,21,25.43,,,,2024-02-01 19:17:00,,,2024-02-21 17:50:48,2201.003231891176,2197.8619715349805,0,,2315.5504781706486,Lucy,6666_202402011917_2_350,,,,,2197.9,2315.6
6666_202402040707_3_350_1_1,2,2,6666,202402040707,3,1,1,1,350,0.0,34.68,0.0,0.0,,21,25.5,,,,2024-02-04 07:07:00,,,2024-02-21 18:22:54,2204.3460377864817,2201.2000065951124,0,,2315.0565187059738,Lucy,6666_202402040707_3_350,,,,,2201.2,2315.1
6666_202402061907_5_350_1_1,2,2,6666,202402061907,5,1,1,1,350,0.0,34.68,0.0,0.0,,21,25.41,,,,2024-02-06 19:07:00,,,2024-02-21 18:50:05,2203.0145372223774,2199.870406341683,0,,2313.0792483672617,Lucy,6666_202402061907_5_350,,,,,2199.9,2313.1
6666_202402090717_8_350_1_1,2,2,6666,202402090717,8,1,1,1,350,0.0,34.68,0.0,0.0,,21,25.47,,,,2024-02-09 07:17:00,,,2024-02-21 19:29:08,2204.218379618079,2201.072530619784,0,,2314.334237739024,Lucy,6666_202402090717_8_350,,,,,2201.1,2314.3
6666_202402140707_11_350_1_1,2,2,6666,202402140707,11,1,1,1,350,0.0,34.68,0.0,0.0,,21,25.48,,,,2024-02-14 07:07:00,,,2024-02-21 19:56:44,2205.01852544067,2201.8715344784223,0,,2312.931098022132,Lucy,6666_202402140707_11_350,,,,,2201.9,2312.9
6666_202402161917_14_350_1_1,2,2,6666,202402161917,14,1,1,1,350,0.0,34.68,0.0,0.0,,21,25.67,,,,2024-02-16 19:17:00,,,2024-02-21 20:25:30,2211.095600995997,2207.9399368631466,0,,2314.141756272778,Lucy,6666_202402161917_14_350,,,,,2207.9,2314.1
